item_original,nome,cor,status,cores_encontradas_no_site
VESTIDO FATIMA - VANILLA,VESTIDO FATIMA,VANILLA,DISPONIVEL,"BLUES, JAZZ, PRETO, SAMBA, VALSA, VANILLA"
VESTIDO FATIMA - PRETO,VESTIDO FATIMA,PRETO,DISPONIVEL,"BLUES, JAZZ, PRETO, SAMBA, VALSA, VANILLA"
VESTIDO FATIMA - BLUES,VESTIDO FATIMA,BLUES,DISPONIVEL,"BLUES, JAZZ, PRETO, SAMBA, VALSA, VANILLA"
VESTIDO FATIMA - JAZZ,VESTIDO FATIMA,JAZZ,DISPONIVEL,"BLUES, JAZZ, PRETO, SAMBA, VALSA, VANILLA"
VESTIDO FATIMA - VALSA,VESTIDO FATIMA,VALSA,DISPONIVEL,"BLUES, JAZZ, PRETO, SAMBA, VALSA, VANILLA"
VESTIDO FATIMA - SAMBA,VESTIDO FATIMA,SAMBA,DISPONIVEL,"BLUES, JAZZ, PRETO, SAMBA, VALSA, VANILLA"
CAMISA GLORIA - MARINHO,CAMISA GLORIA,MARINHO,DISPONIVEL,MARINHO
MACACÃO DANY - VANILLA,MACACÃO DANY,VANILLA,DISPONIVEL,"BLUES, BOSSA, JAZZ, PRETO, SAMBA, VALSA, VANILLA"
MACACÃO DANY - PRETO,MACACÃO DANY,PRETO,DISPONIVEL,"BLUES, BOSSA, JAZZ, PRETO, SAMBA, VALSA, VANILLA"
MACACÃO DANY - BLUES,MACACÃO DANY,BLUES,DISPONIVEL,"BLUES, BOSSA, JAZZ, PRETO, SAMBA, VALSA, VANILLA"
MACACÃO DANY - BOSSA,MACACÃO DANY,BOSSA,DISPONIVEL,"BLUES, BOSSA, JAZZ, PRETO, SAMBA, VALSA, VANILLA"
MACACÃO DANY - JAZZ,MACACÃO DANY,JAZZ,DISPONIVEL,"BLUES, BOSSA, JAZZ, PRETO, SAMBA, VALSA, VANILLA"
MACACÃO DANY - VALSA,MACACÃO DANY,VALSA,DISPONIVEL,"BLUES, BOSSA, JAZZ, PRETO, SAMBA, VALSA, VANILLA"
MACACÃO DANY - SAMBA,MACACÃO DANY,SAMBA,DISPONIVEL,"BLUES, BOSSA, JAZZ, PRETO, SAMBA, VALSA, VANILLA"
SHORT SERENA - JAZZ,SHORT SERENA,JAZZ,DISPONIVEL,JAZZ
SHORT SAIA LIA - VANILLA,SHORT SAIA LIA,VANILLA,DISPONIVEL,"CARAMELO, JAZZ, VANILLA"
SHORT SAIA LIA - CARAMELO,SHORT SAIA LIA,CARAMELO,DISPONIVEL,"CARAMELO, JAZZ, VANILLA"
SHORT SAIA LIA - JAZZ,SHORT SAIA LIA,JAZZ,DISPONIVEL,"CARAMELO, JAZZ, VANILLA"
SHORT SAIA DEBORA - VALSA,SHORT SAIA DEBORA,VALSA,DISPONIVEL,"JAZZ, VALSA"
SHORT SAIA DEBORA - JAZZ,SHORT SAIA DEBORA,JAZZ,DISPONIVEL,"JAZZ, VALSA"
VESTIDO CHANTAL - JAZZ,VESTIDO CHANTAL,JAZZ,DISPONIVEL,JAZZ
CAMISA MELINA - VANILLA/VALSA,CAMISA MELINA,VANILLA/VALSA,DISPONIVEL,VANILLA/VALSA
SHORT SUSU - NUDE,SHORT SUSU,NUDE,DISPONIVEL,"NUDE, PRATA, VERDE"
SHORT SUSU - VERDE,SHORT SUSU,VERDE,DISPONIVEL,"NUDE, PRATA, VERDE"
SHORT SUSU - PRATA,SHORT SUSU,PRATA,DISPONIVEL,"NUDE, PRATA, VERDE"
CALÇA SUZANO - NUDE,CALÇA SUZANO,NUDE,COR_NAO_ENCONTRADA,"DOURADO, PRETO, VERDE"
CALÇA SUZANO - VERDE,CALÇA SUZANO,VERDE,DISPONIVEL,"DOURADO, PRETO, VERDE"
CALÇA SUZANO - PRATA,CALÇA SUZANO,PRATA,COR_NAO_ENCONTRADA,"DOURADO, PRETO, VERDE"
CALÇA KIRA - PEROLA,CALÇA KIRA,PEROLA,COR_NAO_ENCONTRADA,"DOURADO, PRETO, PÉROLA"
CALÇA KIRA - PRETO,CALÇA KIRA,PRETO,DISPONIVEL,"DOURADO, PRETO, PÉROLA"
CALÇA KIRA - DOURADO,CALÇA KIRA,DOURADO,DISPONIVEL,"DOURADO, PRETO, PÉROLA"
CALÇA SUSU - PEROLA,CALÇA SUSU,PEROLA,COR_NAO_ENCONTRADA,"DOURADO, PRETO, PÉROLA"
CALÇA SUSU - PRETO,CALÇA SUSU,PRETO,DISPONIVEL,"DOURADO, PRETO, PÉROLA"
CALÇA SUSU - DOURADO,CALÇA SUSU,DOURADO,DISPONIVEL,"DOURADO, PRETO, PÉROLA"
CALÇA ELISA - JAZZ,CALÇA ELISA,JAZZ,DISPONIVEL,JAZZ
CALÇA ISADORA - VANILLA,CALÇA ISADORA,VANILLA,DISPONIVEL,"BLUES, BOSSA, JAZZ, PRETO, SAMBA, VALSA, VANILLA"
CALÇA ISADORA - PRETO,CALÇA ISADORA,PRETO,DISPONIVEL,"BLUES, BOSSA, JAZZ, PRETO, SAMBA, VALSA, VANILLA"
CALÇA ISADORA - BLUES,CALÇA ISADORA,BLUES,DISPONIVEL,"BLUES, BOSSA, JAZZ, PRETO, SAMBA, VALSA, VANILLA"
CALÇA ISADORA - BOSSA,CALÇA ISADORA,BOSSA,DISPONIVEL,"BLUES, BOSSA, JAZZ, PRETO, SAMBA, VALSA, VANILLA"
CALÇA ISADORA - JAZZ,CALÇA ISADORA,JAZZ,DISPONIVEL,"BLUES, BOSSA, JAZZ, PRETO, SAMBA, VALSA, VANILLA"
CALÇA ISADORA - VALSA,CALÇA ISADORA,VALSA,DISPONIVEL,"BLUES, BOSSA, JAZZ, PRETO, SAMBA, VALSA, VANILLA"
CALÇA ISADORA - SAMBA,CALÇA ISADORA,SAMBA,DISPONIVEL,"BLUES, BOSSA, JAZZ, PRETO, SAMBA, VALSA, VANILLA"
CAMISA ELISA - JAZZ,CAMISA ELISA,JAZZ,PRODUTO_NAO_ENCONTRADO,
SHORT JUDITE - VANILLA,SHORT JUDITE,VANILLA,DISPONIVEL,"PRETO, VANILLA"
SHORT JUDITE - PRETO,SHORT JUDITE,PRETO,DISPONIVEL,"PRETO, VANILLA"
SHORT SAIA MAIARA - VANILLA,SHORT SAIA MAIARA,VANILLA,DISPONIVEL,"PRETO, VANILLA"
SHORT SAIA MAIARA - PRETO,SHORT SAIA MAIARA,PRETO,DISPONIVEL,"PRETO, VANILLA"
SAIA CARPE - JAZZ,SAIA CARPE,JAZZ,DISPONIVEL,JAZZ
SAIA ISABEL - SAMBA,SAIA ISABEL,SAMBA,DISPONIVEL,SAMBA
CALÇA VITORIA - VANILLA,CALÇA VITORIA,VANILLA,DISPONIVEL,"BOSSA, JAZZ, PRETO, SAMBA, VALSA, VANILLA"
CALÇA VITORIA - PRETO,CALÇA VITORIA,PRETO,DISPONIVEL,"BOSSA, JAZZ, PRETO, SAMBA, VALSA, VANILLA"
CALÇA VITORIA - BOSSA,CALÇA VITORIA,BOSSA,DISPONIVEL,"BOSSA, JAZZ, PRETO, SAMBA, VALSA, VANILLA"
CALÇA VITORIA - JAZZ,CALÇA VITORIA,JAZZ,DISPONIVEL,"BOSSA, JAZZ, PRETO, SAMBA, VALSA, VANILLA"
CALÇA VITORIA - VALSA,CALÇA VITORIA,VALSA,DISPONIVEL,"BOSSA, JAZZ, PRETO, SAMBA, VALSA, VANILLA"
CALÇA VITORIA - SAMBA,CALÇA VITORIA,SAMBA,DISPONIVEL,"BOSSA, JAZZ, PRETO, SAMBA, VALSA, VANILLA"
SAIA ELISA - JAZZ,SAIA ELISA,JAZZ,DISPONIVEL,JAZZ
SHORT YASMIN - BOSSA,SHORT YASMIN,BOSSA,DISPONIVEL,"BOSSA, SAMBA"
SHORT YASMIN - SAMBA,SHORT YASMIN,SAMBA,DISPONIVEL,"BOSSA, SAMBA"
VESTIDO RENATA - SAMBA,VESTIDO RENATA,SAMBA,DISPONIVEL,SAMBA
TOP RAFAELA - SAMBA,TOP RAFAELA,SAMBA,DISPONIVEL,SAMBA
CALÇA FLAVIA - MARINHO,CALÇA FLAVIA,MARINHO,DISPONIVEL,MARINHO
CALÇA LISA - VANILLA,CALÇA LISA,VANILLA,DISPONIVEL,"BLUES, BOSSA, JAZZ, PRETO, SAMBA, VALSA, VANILLA"
CALÇA LISA - PRETO,CALÇA LISA,PRETO,DISPONIVEL,"BLUES, BOSSA, JAZZ, PRETO, SAMBA, VALSA, VANILLA"
CALÇA LISA - BLUES,CALÇA LISA,BLUES,DISPONIVEL,"BLUES, BOSSA, JAZZ, PRETO, SAMBA, VALSA, VANILLA"
CALÇA LISA - BOSSA,CALÇA LISA,BOSSA,DISPONIVEL,"BLUES, BOSSA, JAZZ, PRETO, SAMBA, VALSA, VANILLA"
CALÇA LISA - JAZZ,CALÇA LISA,JAZZ,DISPONIVEL,"BLUES, BOSSA, JAZZ, PRETO, SAMBA, VALSA, VANILLA"
CALÇA LISA - VALSA,CALÇA LISA,VALSA,DISPONIVEL,"BLUES, BOSSA, JAZZ, PRETO, SAMBA, VALSA, VANILLA"
CALÇA LISA - SAMBA,CALÇA LISA,SAMBA,DISPONIVEL,"BLUES, BOSSA, JAZZ, PRETO, SAMBA, VALSA, VANILLA"
VESTIDO IOHARA - VANILLA,VESTIDO IOHARA,VANILLA,DISPONIVEL,"BLUES, BOSSA, JAZZ, PRETO, SAMBA, VALSA, VANILLA"
VESTIDO IOHARA - PRETO,VESTIDO IOHARA,PRETO,DISPONIVEL,"BLUES, BOSSA, JAZZ, PRETO, SAMBA, VALSA, VANILLA"
VESTIDO IOHARA - BLUES,VESTIDO IOHARA,BLUES,DISPONIVEL,"BLUES, BOSSA, JAZZ, PRETO, SAMBA, VALSA, VANILLA"
VESTIDO IOHARA - BOSSA,VESTIDO IOHARA,BOSSA,DISPONIVEL,"BLUES, BOSSA, JAZZ, PRETO, SAMBA, VALSA, VANILLA"
VESTIDO IOHARA - JAZZ,VESTIDO IOHARA,JAZZ,DISPONIVEL,"BLUES, BOSSA, JAZZ, PRETO, SAMBA, VALSA, VANILLA"
VESTIDO IOHARA - VALSA,VESTIDO IOHARA,VALSA,DISPONIVEL,"BLUES, BOSSA, JAZZ, PRETO, SAMBA, VALSA, VANILLA"
VESTIDO IOHARA - SAMBA,VESTIDO IOHARA,SAMBA,DISPONIVEL,"BLUES, BOSSA, JAZZ, PRETO, SAMBA, VALSA, VANILLA"
TOP YANA - BOSSA,TOP YANA,BOSSA,DISPONIVEL,"BOSSA, SAMBA"
TOP YANA - SAMBA,TOP YANA,SAMBA,DISPONIVEL,"BOSSA, SAMBA"
JAQUETA YASMIN - BOSSA,JAQUETA YASMIN,BOSSA,DISPONIVEL,"BOSSA, SAMBA"
JAQUETA YASMIN - SAMBA,JAQUETA YASMIN,SAMBA,DISPONIVEL,"BOSSA, SAMBA"
TOP ADRIANE - SAMBA,TOP ADRIANE,SAMBA,DISPONIVEL,SAMBA
CAMISA MELANIA - SAMBA,CAMISA MELANIA,SAMBA,DISPONIVEL,SAMBA
TOP ISIS - SAMBA,TOP ISIS,SAMBA,DISPONIVEL,"BEGE SUCRE, PRETO, SAMBA"
CAMISA LARISSA - LISTRADA,CAMISA LARISSA,LISTRADA,DISPONIVEL,"LISTRADA, VALSA, VANILLA"
CAMISA LARISSA - VALSA,CAMISA LARISSA,VALSA,DISPONIVEL,"LISTRADA, VALSA, VANILLA"
CAMISA LARISSA - VANILLA,CAMISA LARISSA,VANILLA,DISPONIVEL,"LISTRADA, VALSA, VANILLA"
TOP BRUNA - JAZZ,TOP BRUNA,JAZZ,DISPONIVEL,JAZZ
SHORT KELLY - VANILLA,SHORT KELLY,VANILLA,DISPONIVEL,"BLUES, BOSSA, JAZZ, PRETO, SAMBA, VALSA, VANILLA"
SHORT KELLY - PRETO,SHORT KELLY,PRETO,DISPONIVEL,"BLUES, BOSSA, JAZZ, PRETO, SAMBA, VALSA, VANILLA"
SHORT KELLY - BLUES,SHORT KELLY,BLUES,DISPONIVEL,"BLUES, BOSSA, JAZZ, PRETO, SAMBA, VALSA, VANILLA"
SHORT KELLY - BOSSA,SHORT KELLY,BOSSA,DISPONIVEL,"BLUES, BOSSA, JAZZ, PRETO, SAMBA, VALSA, VANILLA"
SHORT KELLY - JAZZ,SHORT KELLY,JAZZ,DISPONIVEL,"BLUES, BOSSA, JAZZ, PRETO, SAMBA, VALSA, VANILLA"
SHORT KELLY - VALSA,SHORT KELLY,VALSA,DISPONIVEL,"BLUES, BOSSA, JAZZ, PRETO, SAMBA, VALSA, VANILLA"
SHORT KELLY - SAMBA,SHORT KELLY,SAMBA,DISPONIVEL,"BLUES, BOSSA, JAZZ, PRETO, SAMBA, VALSA, VANILLA"
SHORT LISA - VANILLA,SHORT LISA,VANILLA,DISPONIVEL,"BLUES, BOSSA, JAZZ, PRETO, SAMBA, VALSA, VANILLA"
SHORT LISA - PRETO,SHORT LISA,PRETO,DISPONIVEL,"BLUES, BOSSA, JAZZ, PRETO, SAMBA, VALSA, VANILLA"
SHORT LISA - BLUES,SHORT LISA,BLUES,DISPONIVEL,"BLUES, BOSSA, JAZZ, PRETO, SAMBA, VALSA, VANILLA"
SHORT LISA - BOSSA,SHORT LISA,BOSSA,DISPONIVEL,"BLUES, BOSSA, JAZZ, PRETO, SAMBA, VALSA, VANILLA"
SHORT LISA - JAZZ,SHORT LISA,JAZZ,DISPONIVEL,"BLUES, BOSSA, JAZZ, PRETO, SAMBA, VALSA, VANILLA"
SHORT LISA - VALSA,SHORT LISA,VALSA,DISPONIVEL,"BLUES, BOSSA, JAZZ, PRETO, SAMBA, VALSA, VANILLA"
SHORT LISA - SAMBA,SHORT LISA,SAMBA,DISPONIVEL,"BLUES, BOSSA, JAZZ, PRETO, SAMBA, VALSA, VANILLA"
SHORT ALANE - VANILLA,SHORT ALANE,VANILLA,DISPONIVEL,"BLUES, JAZZ, PRETO, SAMBA, VALSA, VANILLA"
SHORT ALANE - PRETO,SHORT ALANE,PRETO,DISPONIVEL,"BLUES, JAZZ, PRETO, SAMBA, VALSA, VANILLA"
SHORT ALANE - BLUES,SHORT ALANE,BLUES,DISPONIVEL,"BLUES, JAZZ, PRETO, SAMBA, VALSA, VANILLA"
SHORT ALANE - JAZZ,SHORT ALANE,JAZZ,DISPONIVEL,"BLUES, JAZZ, PRETO, SAMBA, VALSA, VANILLA"
SHORT ALANE - VALSA,SHORT ALANE,VALSA,DISPONIVEL,"BLUES, JAZZ, PRETO, SAMBA, VALSA, VANILLA"
SHORT ALANE - SAMBA,SHORT ALANE,SAMBA,DISPONIVEL,"BLUES, JAZZ, PRETO, SAMBA, VALSA, VANILLA"
CAMISA FABIANA - VANILLA,CAMISA FABIANA,VANILLA,DISPONIVEL,"CARAMELO, JAZZ, VANILLA"
CAMISA FABIANA - CARAMELO,CAMISA FABIANA,CARAMELO,DISPONIVEL,"CARAMELO, JAZZ, VANILLA"
CAMISA FABIANA - JAZZ,CAMISA FABIANA,JAZZ,DISPONIVEL,"CARAMELO, JAZZ, VANILLA"
CALÇA YANA - BOSSA,CALÇA YANA,BOSSA,DISPONIVEL,"BOSSA, SAMBA"
CALÇA YANA - SAMBA,CALÇA YANA,SAMBA,DISPONIVEL,"BOSSA, SAMBA"
COLETE SYLVELENA - BOSSA,COLETE SYLVELENA,BOSSA,DISPONIVEL,"BLUES, BOSSA, JAZZ, PRETO, SAMBA, VALSA, VANILLA"
COLETE SYLVELENA - SAMBA,COLETE SYLVELENA,SAMBA,DISPONIVEL,"BLUES, BOSSA, JAZZ, PRETO, SAMBA, VALSA, VANILLA"
CINTO ACACIA - CARAMELO,CINTO ACACIA,CARAMELO,DISPONIVEL,"CARAMELO, MARROM, PRETO"
CINTO ACACIA - MARROM,CINTO ACACIA,MARROM,DISPONIVEL,"CARAMELO, MARROM, PRETO"
CINTO ACACIA - PRETO,CINTO ACACIA,PRETO,DISPONIVEL,"CARAMELO, MARROM, PRETO"
CINTO ROCK - CARAMELO,CINTO ROCK,CARAMELO,DISPONIVEL,"CARAMELO, MARROM, PRETO"
CINTO ROCK - MARROM,CINTO ROCK,MARROM,DISPONIVEL,"CARAMELO, MARROM, PRETO"
CINTO ROCK - PRETO,CINTO ROCK,PRETO,DISPONIVEL,"CARAMELO, MARROM, PRETO"
VESTIDO MARIH - PRETO,VESTIDO MARIH,PRETO,DISPONIVEL,"CARAMELO, JAZZ, PRETO, VALSA"
VESTIDO MARIH - VALSA,VESTIDO MARIH,VALSA,DISPONIVEL,"CARAMELO, JAZZ, PRETO, VALSA"
VESTIDO MARIH - JAZZ,VESTIDO MARIH,JAZZ,DISPONIVEL,"CARAMELO, JAZZ, PRETO, VALSA"
VESTIDO MARIH - CARAMELO,VESTIDO MARIH,CARAMELO,DISPONIVEL,"CARAMELO, JAZZ, PRETO, VALSA"
CALÇA IRACI - VANILLA,CALÇA IRACI,VANILLA,DISPONIVEL,"PRETO, VANILLA"
CALÇA IRACI - PRETO,CALÇA IRACI,PRETO,DISPONIVEL,"PRETO, VANILLA"
CALÇA IRACEMA - BLUES,CALÇA IRACEMA,BLUES,PRODUTO_NAO_ENCONTRADO,
CALÇA IRACEMA - BOSSA,CALÇA IRACEMA,BOSSA,PRODUTO_NAO_ENCONTRADO,
CALÇA IRACEMA - JAZZ,CALÇA IRACEMA,JAZZ,PRODUTO_NAO_ENCONTRADO,
CALÇA IRACEMA - VALSA,CALÇA IRACEMA,VALSA,PRODUTO_NAO_ENCONTRADO,
CALÇA IRACEMA - SAMBA,CALÇA IRACEMA,SAMBA,PRODUTO_NAO_ENCONTRADO,
VESTIDO MALU - BOSSA,VESTIDO MALU,BOSSA,DISPONIVEL,"BOSSA, SAMBA"
VESTIDO MALU - SAMBA,VESTIDO MALU,SAMBA,DISPONIVEL,"BOSSA, SAMBA"
JAQUETA ELISA - JAZZ,JAQUETA ELISA,JAZZ,DISPONIVEL,JAZZ
VESTIDO GRAZIELE - VANILLA,VESTIDO GRAZIELE,VANILLA,DISPONIVEL,VANILLA
VESTIDO ELIZABETH - PRETO,VESTIDO ELIZABETH,PRETO,DISPONIVEL,"BLUES, JAZZ, PRETO, SAMBA, VALSA"
VESTIDO ELIZABETH - BLUES,VESTIDO ELIZABETH,BLUES,DISPONIVEL,"BLUES, JAZZ, PRETO, SAMBA, VALSA"
VESTIDO ELIZABETH - JAZZ,VESTIDO ELIZABETH,JAZZ,DISPONIVEL,"BLUES, JAZZ, PRETO, SAMBA, VALSA"
VESTIDO ELIZABETH - VALSA,VESTIDO ELIZABETH,VALSA,DISPONIVEL,"BLUES, JAZZ, PRETO, SAMBA, VALSA"
VESTIDO ELIZABETH - SAMBA,VESTIDO ELIZABETH,SAMBA,DISPONIVEL,"BLUES, JAZZ, PRETO, SAMBA, VALSA"
FAIXA MONROE - POÁ,FAIXA MONROE,POÁ,COR_NAO_ENCONTRADA,POA
VESTIDO SAMANTA - SAMBA,VESTIDO SAMANTA,SAMBA,DISPONIVEL,SAMBA
TOP DANIELE - VANILLA,TOP DANIELE,VANILLA,DISPONIVEL,"BLUES, BOSSA, JAZZ, PRETO, SAMBA, VALSA, VANILLA"
TOP DANIELE - PRETO,TOP DANIELE,PRETO,DISPONIVEL,"BLUES, BOSSA, JAZZ, PRETO, SAMBA, VALSA, VANILLA"
TOP DANIELE - BOSSA,TOP DANIELE,BOSSA,DISPONIVEL,"BLUES, BOSSA, JAZZ, PRETO, SAMBA, VALSA, VANILLA"
TOP DANIELE - JAZZ,TOP DANIELE,JAZZ,DISPONIVEL,"BLUES, BOSSA, JAZZ, PRETO, SAMBA, VALSA, VANILLA"
TOP DANIELE - VALSA,TOP DANIELE,VALSA,DISPONIVEL,"BLUES, BOSSA, JAZZ, PRETO, SAMBA, VALSA, VANILLA"
TOP DANIELE - SAMBA,TOP DANIELE,SAMBA,DISPONIVEL,"BLUES, BOSSA, JAZZ, PRETO, SAMBA, VALSA, VANILLA"
TOP MARINA - VANILLA,TOP MARINA,VANILLA,DISPONIVEL,"BLUES, BOSSA, JAZZ, PRETO, SAMBA, VALSA, VANILLA"
TOP MARINA - PRETO,TOP MARINA,PRETO,DISPONIVEL,"BLUES, BOSSA, JAZZ, PRETO, SAMBA, VALSA, VANILLA"
TOP MARINA - BOSSA,TOP MARINA,BOSSA,DISPONIVEL,"BLUES, BOSSA, JAZZ, PRETO, SAMBA, VALSA, VANILLA"
TOP MARINA - JAZZ,TOP MARINA,JAZZ,DISPONIVEL,"BLUES, BOSSA, JAZZ, PRETO, SAMBA, VALSA, VANILLA"
TOP MARINA - VALSA,TOP MARINA,VALSA,DISPONIVEL,"BLUES, BOSSA, JAZZ, PRETO, SAMBA, VALSA, VANILLA"
TOP MARINA - SAMBA,TOP MARINA,SAMBA,DISPONIVEL,"BLUES, BOSSA, JAZZ, PRETO, SAMBA, VALSA, VANILLA"
TOP LAIANE - MARINHO,TOP LAIANE,MARINHO,DISPONIVEL,"BLUES, JAZZ, MARINHO, SAMBA, VALSA, VANILLA"
TOP LAIANE - VANILLA,TOP LAIANE,VANILLA,DISPONIVEL,"BLUES, JAZZ, MARINHO, SAMBA, VALSA, VANILLA"
TOP LAIANE - JAZZ,TOP LAIANE,JAZZ,DISPONIVEL,"BLUES, JAZZ, MARINHO, SAMBA, VALSA, VANILLA"
TOP LAIANE - VALSA,TOP LAIANE,VALSA,DISPONIVEL,"BLUES, JAZZ, MARINHO, SAMBA, VALSA, VANILLA"
TOP LAIANE - SAMBA,TOP LAIANE,SAMBA,DISPONIVEL,"BLUES, JAZZ, MARINHO, SAMBA, VALSA, VANILLA"
TOP LAIANE - BLUES,TOP LAIANE,BLUES,DISPONIVEL,"BLUES, JAZZ, MARINHO, SAMBA, VALSA, VANILLA"
VESTIDO TAINA - VANILLA,VESTIDO TAINA,VANILLA,DISPONIVEL,"BLUES, BOSSA, JAZZ, PRETO, VANILLA"
VESTIDO TAINA - PRETO,VESTIDO TAINA,PRETO,DISPONIVEL,"BLUES, BOSSA, JAZZ, PRETO, VANILLA"
VESTIDO TAINA - BOSSA,VESTIDO TAINA,BOSSA,DISPONIVEL,"BLUES, BOSSA, JAZZ, PRETO, VANILLA"
VESTIDO TAINA - BLUES,VESTIDO TAINA,BLUES,DISPONIVEL,"BLUES, BOSSA, JAZZ, PRETO, VANILLA"
VESTIDO TAINA - JAZZ,VESTIDO TAINA,JAZZ,DISPONIVEL,"BLUES, BOSSA, JAZZ, PRETO, VANILLA"
REGATA BALIS - VANILLA,REGATA BALIS,VANILLA,DISPONIVEL,"BLUES, BOSSA, JAZZ, PRETO, SAMBA, VALSA, VANILLA"
REGATA BALIS - PRETO,REGATA BALIS,PRETO,DISPONIVEL,"BLUES, BOSSA, JAZZ, PRETO, SAMBA, VALSA, VANILLA"
REGATA BALIS - BLUES,REGATA BALIS,BLUES,DISPONIVEL,"BLUES, BOSSA, JAZZ, PRETO, SAMBA, VALSA, VANILLA"
REGATA BALIS - BOSSA,REGATA BALIS,BOSSA,DISPONIVEL,"BLUES, BOSSA, JAZZ, PRETO, SAMBA, VALSA, VANILLA"
REGATA BALIS - JAZZ,REGATA BALIS,JAZZ,DISPONIVEL,"BLUES, BOSSA, JAZZ, PRETO, SAMBA, VALSA, VANILLA"
REGATA BALIS - VALSA,REGATA BALIS,VALSA,DISPONIVEL,"BLUES, BOSSA, JAZZ, PRETO, SAMBA, VALSA, VANILLA"
REGATA BALIS - SAMBA,REGATA BALIS,SAMBA,DISPONIVEL,"BLUES, BOSSA, JAZZ, PRETO, SAMBA, VALSA, VANILLA"
CALÇA SYLVIA - VANILLA,CALÇA SYLVIA,VANILLA,DISPONIVEL,"BLUES, BOSSA, JAZZ, PRETO, SAMBA, VALSA, VANILLA"
CALÇA SYLVIA - PRETO,CALÇA SYLVIA,PRETO,DISPONIVEL,"BLUES, BOSSA, JAZZ, PRETO, SAMBA, VALSA, VANILLA"
CALÇA SYLVIA - BLUES,CALÇA SYLVIA,BLUES,DISPONIVEL,"BLUES, BOSSA, JAZZ, PRETO, SAMBA, VALSA, VANILLA"
CALÇA SYLVIA - BOSSA,CALÇA SYLVIA,BOSSA,DISPONIVEL,"BLUES, BOSSA, JAZZ, PRETO, SAMBA, VALSA, VANILLA"
CALÇA SYLVIA - JAZZ,CALÇA SYLVIA,JAZZ,DISPONIVEL,"BLUES, BOSSA, JAZZ, PRETO, SAMBA, VALSA, VANILLA"
CALÇA SYLVIA - VALSA,CALÇA SYLVIA,VALSA,DISPONIVEL,"BLUES, BOSSA, JAZZ, PRETO, SAMBA, VALSA, VANILLA"
CALÇA SYLVIA - SAMBA,CALÇA SYLVIA,SAMBA,DISPONIVEL,"BLUES, BOSSA, JAZZ, PRETO, SAMBA, VALSA, VANILLA"
REGATA ILANA - VANILLA,REGATA ILANA,VANILLA,DISPONIVEL,"BLUES, BOSSA, JAZZ, PRETO, SAMBA, VALSA, VANILLA"
REGATA ILANA - PRETO,REGATA ILANA,PRETO,DISPONIVEL,"BLUES, BOSSA, JAZZ, PRETO, SAMBA, VALSA, VANILLA"
REGATA ILANA - BLUES,REGATA ILANA,BLUES,DISPONIVEL,"BLUES, BOSSA, JAZZ, PRETO, SAMBA, VALSA, VANILLA"
REGATA ILANA - BOSSA,REGATA ILANA,BOSSA,DISPONIVEL,"BLUES, BOSSA, JAZZ, PRETO, SAMBA, VALSA, VANILLA"
REGATA ILANA - JAZZ,REGATA ILANA,JAZZ,DISPONIVEL,"BLUES, BOSSA, JAZZ, PRETO, SAMBA, VALSA, VANILLA"
REGATA ILANA - VALSA,REGATA ILANA,VALSA,DISPONIVEL,"BLUES, BOSSA, JAZZ, PRETO, SAMBA, VALSA, VANILLA"
REGATA ILANA - SAMBA,REGATA ILANA,SAMBA,DISPONIVEL,"BLUES, BOSSA, JAZZ, PRETO, SAMBA, VALSA, VANILLA"
REGATA IVONE - VANILLA,REGATA IVONE,VANILLA,DISPONIVEL,"BLUES, BOSSA, JAZZ, PRETO, SAMBA, VALSA, VANILLA"
REGATA IVONE - PRETO,REGATA IVONE,PRETO,DISPONIVEL,"BLUES, BOSSA, JAZZ, PRETO, SAMBA, VALSA, VANILLA"
REGATA IVONE - BLUES,REGATA IVONE,BLUES,DISPONIVEL,"BLUES, BOSSA, JAZZ, PRETO, SAMBA, VALSA, VANILLA"
REGATA IVONE - BOSSA,REGATA IVONE,BOSSA,DISPONIVEL,"BLUES, BOSSA, JAZZ, PRETO, SAMBA, VALSA, VANILLA"
REGATA IVONE - JAZZ,REGATA IVONE,JAZZ,DISPONIVEL,"BLUES, BOSSA, JAZZ, PRETO, SAMBA, VALSA, VANILLA"
REGATA IVONE - VALSA,REGATA IVONE,VALSA,DISPONIVEL,"BLUES, BOSSA, JAZZ, PRETO, SAMBA, VALSA, VANILLA"
REGATA IVONE - SAMBA,REGATA IVONE,SAMBA,DISPONIVEL,"BLUES, BOSSA, JAZZ, PRETO, SAMBA, VALSA, VANILLA"
REGATA BEL - VANILLA,REGATA BEL,VANILLA,COR_NAO_ENCONTRADA,"BLUES, BOSSA, JAZZ, PRETO, SAMBA, VALSA"
REGATA BEL - PRETO,REGATA BEL,PRETO,DISPONIVEL,"BLUES, BOSSA, JAZZ, PRETO, SAMBA, VALSA"
REGATA BEL - BLUES,REGATA BEL,BLUES,DISPONIVEL,"BLUES, BOSSA, JAZZ, PRETO, SAMBA, VALSA"
REGATA BEL - BOSSA,REGATA BEL,BOSSA,DISPONIVEL,"BLUES, BOSSA, JAZZ, PRETO, SAMBA, VALSA"
REGATA BEL - JAZZ,REGATA BEL,JAZZ,DISPONIVEL,"BLUES, BOSSA, JAZZ, PRETO, SAMBA, VALSA"
REGATA BEL - VALSA,REGATA BEL,VALSA,DISPONIVEL,"BLUES, BOSSA, JAZZ, PRETO, SAMBA, VALSA"
REGATA BEL - SAMBA,REGATA BEL,SAMBA,DISPONIVEL,"BLUES, BOSSA, JAZZ, PRETO, SAMBA, VALSA"
CALÇA NAS - VANILLA,CALÇA NAS,VANILLA,DISPONIVEL,"BLUES, BOSSA, JAZZ, PRETO, SAMBA, VANILLA"
CALÇA NAS - PRETO,CALÇA NAS,PRETO,DISPONIVEL,"BLUES, BOSSA, JAZZ, PRETO, SAMBA, VANILLA"
CALÇA NAS - BLUES,CALÇA NAS,BLUES,DISPONIVEL,"BLUES, BOSSA, JAZZ, PRETO, SAMBA, VANILLA"
CALÇA NAS - BOSSA,CALÇA NAS,BOSSA,DISPONIVEL,"BLUES, BOSSA, JAZZ, PRETO, SAMBA, VANILLA"
CALÇA NAS - JAZZ,CALÇA NAS,JAZZ,DISPONIVEL,"BLUES, BOSSA, JAZZ, PRETO, SAMBA, VANILLA"
CALÇA NAS - VALSA,CALÇA NAS,VALSA,COR_NAO_ENCONTRADA,"BLUES, BOSSA, JAZZ, PRETO, SAMBA, VANILLA"
CALÇA NAS - SAMBA,CALÇA NAS,SAMBA,DISPONIVEL,"BLUES, BOSSA, JAZZ, PRETO, SAMBA, VANILLA"
VESTIDO CORINA - VANILLA,VESTIDO CORINA,VANILLA,DISPONIVEL,"BLUES, BOSSA, JAZZ, PRETO, SAMBA, VALSA, VANILLA"
VESTIDO CORINA - PRETO,VESTIDO CORINA,PRETO,DISPONIVEL,"BLUES, BOSSA, JAZZ, PRETO, SAMBA, VALSA, VANILLA"
VESTIDO CORINA - BLUES,VESTIDO CORINA,BLUES,DISPONIVEL,"BLUES, BOSSA, JAZZ, PRETO, SAMBA, VALSA, VANILLA"
VESTIDO CORINA - BOSSA,VESTIDO CORINA,BOSSA,DISPONIVEL,"BLUES, BOSSA, JAZZ, PRETO, SAMBA, VALSA, VANILLA"
VESTIDO CORINA - JAZZ,VESTIDO CORINA,JAZZ,DISPONIVEL,"BLUES, BOSSA, JAZZ, PRETO, SAMBA, VALSA, VANILLA"
VESTIDO CORINA - VALSA,VESTIDO CORINA,VALSA,DISPONIVEL,"BLUES, BOSSA, JAZZ, PRETO, SAMBA, VALSA, VANILLA"
VESTIDO CORINA - SAMBA,VESTIDO CORINA,SAMBA,DISPONIVEL,"BLUES, BOSSA, JAZZ, PRETO, SAMBA, VALSA, VANILLA"
SAIA VITORIA - VANILLA,SAIA VITORIA,VANILLA,DISPONIVEL,"BLUES, BOSSA, JAZZ, PRETO, VANILLA"
SAIA VITORIA - PRETO,SAIA VITORIA,PRETO,DISPONIVEL,"BLUES, BOSSA, JAZZ, PRETO, VANILLA"
SAIA VITORIA - BLUES,SAIA VITORIA,BLUES,DISPONIVEL,"BLUES, BOSSA, JAZZ, PRETO, VANILLA"
SAIA VITORIA - BOSSA,SAIA VITORIA,BOSSA,DISPONIVEL,"BLUES, BOSSA, JAZZ, PRETO, VANILLA"
SAIA VITORIA - JAZZ,SAIA VITORIA,JAZZ,DISPONIVEL,"BLUES, BOSSA, JAZZ, PRETO, VANILLA"
BLAZER AYLA - VANILLA,BLAZER AYLA,VANILLA,DISPONIVEL,"BLUES, BOSSA, JAZZ, PRETO, SAMBA, VALSA, VANILLA"
BLAZER AYLA - PRETO,BLAZER AYLA,PRETO,DISPONIVEL,"BLUES, BOSSA, JAZZ, PRETO, SAMBA, VALSA, VANILLA"
BLAZER AYLA - BLUES,BLAZER AYLA,BLUES,DISPONIVEL,"BLUES, BOSSA, JAZZ, PRETO, SAMBA, VALSA, VANILLA"
BLAZER AYLA - BOSSA,BLAZER AYLA,BOSSA,DISPONIVEL,"BLUES, BOSSA, JAZZ, PRETO, SAMBA, VALSA, VANILLA"
BLAZER AYLA - JAZZ,BLAZER AYLA,JAZZ,DISPONIVEL,"BLUES, BOSSA, JAZZ, PRETO, SAMBA, VALSA, VANILLA"
BLAZER AYLA - VALSA,BLAZER AYLA,VALSA,DISPONIVEL,"BLUES, BOSSA, JAZZ, PRETO, SAMBA, VALSA, VANILLA"
BLAZER AYLA - SAMBA,BLAZER AYLA,SAMBA,DISPONIVEL,"BLUES, BOSSA, JAZZ, PRETO, SAMBA, VALSA, VANILLA"
CAMISA MELINDA - VANILLA,CAMISA MELINDA,VANILLA,DISPONIVEL,"BLUES, BOSSA, JAZZ, PRETO, SAMBA, VALSA, VANILLA"
CAMISA MELINDA - PRETO,CAMISA MELINDA,PRETO,DISPONIVEL,"BLUES, BOSSA, JAZZ, PRETO, SAMBA, VALSA, VANILLA"
CAMISA MELINDA - BLUES,CAMISA MELINDA,BLUES,DISPONIVEL,"BLUES, BOSSA, JAZZ, PRETO, SAMBA, VALSA, VANILLA"
CAMISA MELINDA - BOSSA,CAMISA MELINDA,BOSSA,DISPONIVEL,"BLUES, BOSSA, JAZZ, PRETO, SAMBA, VALSA, VANILLA"
CAMISA MELINDA - JAZZ,CAMISA MELINDA,JAZZ,DISPONIVEL,"BLUES, BOSSA, JAZZ, PRETO, SAMBA, VALSA, VANILLA"
CAMISA MELINDA - VALSA,CAMISA MELINDA,VALSA,DISPONIVEL,"BLUES, BOSSA, JAZZ, PRETO, SAMBA, VALSA, VANILLA"
CAMISA MELINDA - SAMBA,CAMISA MELINDA,SAMBA,DISPONIVEL,"BLUES, BOSSA, JAZZ, PRETO, SAMBA, VALSA, VANILLA"
VESTIDO SAMIRA - BLUES,VESTIDO SAMIRA,BLUES,DISPONIVEL,"BLUES, BOSSA, JAZZ, PRETO"
VESTIDO SAMIRA - BOSSA,VESTIDO SAMIRA,BOSSA,DISPONIVEL,"BLUES, BOSSA, JAZZ, PRETO"
VESTIDO SAMIRA - JAZZ,VESTIDO SAMIRA,JAZZ,DISPONIVEL,"BLUES, BOSSA, JAZZ, PRETO"
VESTIDO SAMIRA - PRETO,VESTIDO SAMIRA,PRETO,DISPONIVEL,"BLUES, BOSSA, JAZZ, PRETO"
CALÇA VALENTINA - VANILLA,CALÇA VALENTINA,VANILLA,DISPONIVEL,"BLUES, JAZZ, SAMBA, VALSA, VANILLA"
CALÇA VALENTINA - BLUES,CALÇA VALENTINA,BLUES,DISPONIVEL,"BLUES, JAZZ, SAMBA, VALSA, VANILLA"
CALÇA VALENTINA - JAZZ,CALÇA VALENTINA,JAZZ,DISPONIVEL,"BLUES, JAZZ, SAMBA, VALSA, VANILLA"
CALÇA VALENTINA - VALSA,CALÇA VALENTINA,VALSA,DISPONIVEL,"BLUES, JAZZ, SAMBA, VALSA, VANILLA"
CALÇA VALENTINA - SAMBA,CALÇA VALENTINA,SAMBA,DISPONIVEL,"BLUES, JAZZ, SAMBA, VALSA, VANILLA"
CALÇA MARILDA - MARINHO,CALÇA MARILDA,MARINHO,DISPONIVEL,"BLUES, BOSSA, JAZZ, MARINHO, SAMBA, VALSA, VANILLA"
CALÇA MARILDA - VANILLA,CALÇA MARILDA,VANILLA,DISPONIVEL,"BLUES, BOSSA, JAZZ, MARINHO, SAMBA, VALSA, VANILLA"
CALÇA MARILDA - JAZZ,CALÇA MARILDA,JAZZ,DISPONIVEL,"BLUES, BOSSA, JAZZ, MARINHO, SAMBA, VALSA, VANILLA"
CALÇA MARILDA - BOSSA,CALÇA MARILDA,BOSSA,DISPONIVEL,"BLUES, BOSSA, JAZZ, MARINHO, SAMBA, VALSA, VANILLA"
CALÇA MARILDA - SAMBA,CALÇA MARILDA,SAMBA,DISPONIVEL,"BLUES, BOSSA, JAZZ, MARINHO, SAMBA, VALSA, VANILLA"
CALÇA MARILDA - BLUES,CALÇA MARILDA,BLUES,DISPONIVEL,"BLUES, BOSSA, JAZZ, MARINHO, SAMBA, VALSA, VANILLA"
CALÇA LILIAN - MARINHO,CALÇA LILIAN,MARINHO,DISPONIVEL,"BLUES, BOSSA, JAZZ, MARINHO, SAMBA, VANILLA"
CALÇA LILIAN - VANILLA,CALÇA LILIAN,VANILLA,DISPONIVEL,"BLUES, BOSSA, JAZZ, MARINHO, SAMBA, VANILLA"
CALÇA LILIAN - JAZZ,CALÇA LILIAN,JAZZ,DISPONIVEL,"BLUES, BOSSA, JAZZ, MARINHO, SAMBA, VANILLA"
CALÇA LILIAN - BOSSA,CALÇA LILIAN,BOSSA,DISPONIVEL,"BLUES, BOSSA, JAZZ, MARINHO, SAMBA, VANILLA"
CALÇA LILIAN - SAMBA,CALÇA LILIAN,SAMBA,DISPONIVEL,"BLUES, BOSSA, JAZZ, MARINHO, SAMBA, VANILLA"
CALÇA LILIAN - BLUES,CALÇA LILIAN,BLUES,DISPONIVEL,"BLUES, BOSSA, JAZZ, MARINHO, SAMBA, VANILLA"
VESTIDO GLENDA - VANILLA,VESTIDO GLENDA,VANILLA,PRODUTO_NAO_ENCONTRADO,
VESTIDO GLENDA - PRETO,VESTIDO GLENDA,PRETO,PRODUTO_NAO_ENCONTRADO,
VESTIDO GLENDA - BLUES,VESTIDO GLENDA,BLUES,PRODUTO_NAO_ENCONTRADO,
VESTIDO GLENDA - BOSSA,VESTIDO GLENDA,BOSSA,PRODUTO_NAO_ENCONTRADO,
VESTIDO GLENDA - JAZZ,VESTIDO GLENDA,JAZZ,PRODUTO_NAO_ENCONTRADO,
VESTIDO GLENDA - VALSA,VESTIDO GLENDA,VALSA,PRODUTO_NAO_ENCONTRADO,
VESTIDO GLENDA - SAMBA,VESTIDO GLENDA,SAMBA,PRODUTO_NAO_ENCONTRADO,
VESTIDO AMELIA - VANILLA,VESTIDO AMELIA,VANILLA,DISPONIVEL,"BLUES, BOSSA, JAZZ, PRETO, SAMBA, VALSA, VANILLA"
VESTIDO AMELIA - PRETO,VESTIDO AMELIA,PRETO,DISPONIVEL,"BLUES, BOSSA, JAZZ, PRETO, SAMBA, VALSA, VANILLA"
VESTIDO AMELIA - BLUES,VESTIDO AMELIA,BLUES,DISPONIVEL,"BLUES, BOSSA, JAZZ, PRETO, SAMBA, VALSA, VANILLA"
VESTIDO AMELIA - BOSSA,VESTIDO AMELIA,BOSSA,DISPONIVEL,"BLUES, BOSSA, JAZZ, PRETO, SAMBA, VALSA, VANILLA"
VESTIDO AMELIA - JAZZ,VESTIDO AMELIA,JAZZ,DISPONIVEL,"BLUES, BOSSA, JAZZ, PRETO, SAMBA, VALSA, VANILLA"
VESTIDO AMELIA - VALSA,VESTIDO AMELIA,VALSA,DISPONIVEL,"BLUES, BOSSA, JAZZ, PRETO, SAMBA, VALSA, VANILLA"
VESTIDO AMELIA - SAMBA,VESTIDO AMELIA,SAMBA,DISPONIVEL,"BLUES, BOSSA, JAZZ, PRETO, SAMBA, VALSA, VANILLA"
MACAQUINHO SIMONE - VANILLA,MACAQUINHO SIMONE,VANILLA,DISPONIVEL,"CARAMELO, JAZZ, VANILLA"
MACAQUINHO SIMONE - CARAMELO,MACAQUINHO SIMONE,CARAMELO,DISPONIVEL,"CARAMELO, JAZZ, VANILLA"
MACAQUINHO SIMONE - JAZZ,MACAQUINHO SIMONE,JAZZ,DISPONIVEL,"CARAMELO, JAZZ, VANILLA"
CALÇA FABIOLA - VANILLA,CALÇA FABIOLA,VANILLA,DISPONIVEL,"BLUES, BOSSA, JAZZ, PRETO, SAMBA, VALSA, VANILLA"
CALÇA FABIOLA - PRETO,CALÇA FABIOLA,PRETO,DISPONIVEL,"BLUES, BOSSA, JAZZ, PRETO, SAMBA, VALSA, VANILLA"
CALÇA FABIOLA - BLUES,CALÇA FABIOLA,BLUES,DISPONIVEL,"BLUES, BOSSA, JAZZ, PRETO, SAMBA, VALSA, VANILLA"
CALÇA FABIOLA - BOSSA,CALÇA FABIOLA,BOSSA,DISPONIVEL,"BLUES, BOSSA, JAZZ, PRETO, SAMBA, VALSA, VANILLA"
CALÇA FABIOLA - JAZZ,CALÇA FABIOLA,JAZZ,DISPONIVEL,"BLUES, BOSSA, JAZZ, PRETO, SAMBA, VALSA, VANILLA"
CALÇA FABIOLA - VALSA,CALÇA FABIOLA,VALSA,DISPONIVEL,"BLUES, BOSSA, JAZZ, PRETO, SAMBA, VALSA, VANILLA"
CALÇA FABIOLA - SAMBA,CALÇA FABIOLA,SAMBA,DISPONIVEL,"BLUES, BOSSA, JAZZ, PRETO, SAMBA, VALSA, VANILLA"
CALÇA TERESA - SAMBA,CALÇA TERESA,SAMBA,COR_NAO_ENCONTRADA,"BLUES, BOSSA, JAZZ, MARINHO, VANILLA"
CALÇA TERESA - BLUES,CALÇA TERESA,BLUES,DISPONIVEL,"BLUES, BOSSA, JAZZ, MARINHO, VANILLA"
CALÇA TERESA - BOSSA,CALÇA TERESA,BOSSA,DISPONIVEL,"BLUES, BOSSA, JAZZ, MARINHO, VANILLA"
CALÇA TERESA - MARINHO,CALÇA TERESA,MARINHO,DISPONIVEL,"BLUES, BOSSA, JAZZ, MARINHO, VANILLA"
CALÇA TERESA - JAZZ,CALÇA TERESA,JAZZ,DISPONIVEL,"BLUES, BOSSA, JAZZ, MARINHO, VANILLA"
CALÇA TERESA - VANILLA,CALÇA TERESA,VANILLA,DISPONIVEL,"BLUES, BOSSA, JAZZ, MARINHO, VANILLA"
CALÇA VERONICA - MARINHO,CALÇA VERONICA,MARINHO,DISPONIVEL,"BLUES, BOSSA, JAZZ, MARINHO, VANILLA"
CALÇA VERONICA - VANILLA,CALÇA VERONICA,VANILLA,DISPONIVEL,"BLUES, BOSSA, JAZZ, MARINHO, VANILLA"
CALÇA VERONICA - JAZZ,CALÇA VERONICA,JAZZ,DISPONIVEL,"BLUES, BOSSA, JAZZ, MARINHO, VANILLA"
CALÇA VERONICA - BOSSA,CALÇA VERONICA,BOSSA,DISPONIVEL,"BLUES, BOSSA, JAZZ, MARINHO, VANILLA"
CALÇA VERONICA - SAMBA,CALÇA VERONICA,SAMBA,COR_NAO_ENCONTRADA,"BLUES, BOSSA, JAZZ, MARINHO, VANILLA"
CALÇA VERONICA - BLUES,CALÇA VERONICA,BLUES,DISPONIVEL,"BLUES, BOSSA, JAZZ, MARINHO, VANILLA"
BLAZER ANITA - SAMBA,BLAZER ANITA,SAMBA,DISPONIVEL,"BLUES, BOSSA, JAZZ, PRETO, SAMBA, VALSA, VANILLA"
BLAZER ANITA - BOSSA,BLAZER ANITA,BOSSA,DISPONIVEL,"BLUES, BOSSA, JAZZ, PRETO, SAMBA, VALSA, VANILLA"
BLAZER ANITA - VALSA,BLAZER ANITA,VALSA,DISPONIVEL,"BLUES, BOSSA, JAZZ, PRETO, SAMBA, VALSA, VANILLA"
BLAZER ANITA - PRETO,BLAZER ANITA,PRETO,DISPONIVEL,"BLUES, BOSSA, JAZZ, PRETO, SAMBA, VALSA, VANILLA"
BLAZER ANITA - JAZZ,BLAZER ANITA,JAZZ,DISPONIVEL,"BLUES, BOSSA, JAZZ, PRETO, SAMBA, VALSA, VANILLA"
BLAZER ANITA - VANILLA,BLAZER ANITA,VANILLA,DISPONIVEL,"BLUES, BOSSA, JAZZ, PRETO, SAMBA, VALSA, VANILLA"
BLAZER ANITA - BLUES,BLAZER ANITA,BLUES,DISPONIVEL,"BLUES, BOSSA, JAZZ, PRETO, SAMBA, VALSA, VANILLA"
CAMISA MICHELE - VANILLA,CAMISA MICHELE,VANILLA,DISPONIVEL,"BLUES, BOSSA, JAZZ, PRETO, SAMBA, VALSA, VANILLA"
CAMISA MICHELE - PRETO,CAMISA MICHELE,PRETO,DISPONIVEL,"BLUES, BOSSA, JAZZ, PRETO, SAMBA, VALSA, VANILLA"
CAMISA MICHELE - BLUES,CAMISA MICHELE,BLUES,DISPONIVEL,"BLUES, BOSSA, JAZZ, PRETO, SAMBA, VALSA, VANILLA"
CAMISA MICHELE - BOSSA,CAMISA MICHELE,BOSSA,DISPONIVEL,"BLUES, BOSSA, JAZZ, PRETO, SAMBA, VALSA, VANILLA"
CAMISA MICHELE - JAZZ,CAMISA MICHELE,JAZZ,DISPONIVEL,"BLUES, BOSSA, JAZZ, PRETO, SAMBA, VALSA, VANILLA"
CAMISA MICHELE - VALSA,CAMISA MICHELE,VALSA,DISPONIVEL,"BLUES, BOSSA, JAZZ, PRETO, SAMBA, VALSA, VANILLA"
CAMISA MICHELE - SAMBA,CAMISA MICHELE,SAMBA,DISPONIVEL,"BLUES, BOSSA, JAZZ, PRETO, SAMBA, VALSA, VANILLA"
MACAQUINHO ANGELA - MARINHO,MACAQUINHO ANGELA,MARINHO,DISPONIVEL,"BLUES, JAZZ, MARINHO, SAMBA, VALSA, VANILLA"
MACAQUINHO ANGELA - VANILLA,MACAQUINHO ANGELA,VANILLA,DISPONIVEL,"BLUES, JAZZ, MARINHO, SAMBA, VALSA, VANILLA"
MACAQUINHO ANGELA - JAZZ,MACAQUINHO ANGELA,JAZZ,DISPONIVEL,"BLUES, JAZZ, MARINHO, SAMBA, VALSA, VANILLA"
MACAQUINHO ANGELA - VALSA,MACAQUINHO ANGELA,VALSA,DISPONIVEL,"BLUES, JAZZ, MARINHO, SAMBA, VALSA, VANILLA"
MACAQUINHO ANGELA - SAMBA,MACAQUINHO ANGELA,SAMBA,DISPONIVEL,"BLUES, JAZZ, MARINHO, SAMBA, VALSA, VANILLA"
MACAQUINHO ANGELA - BLUES,MACAQUINHO ANGELA,BLUES,DISPONIVEL,"BLUES, JAZZ, MARINHO, SAMBA, VALSA, VANILLA"
REGATA JANAINA - VANILLA,REGATA JANAINA,VANILLA,COR_NAO_ENCONTRADA,"BLUES, BOSSA, JAZZ, PRETO, SAMBA, VALSA"
REGATA JANAINA - PRETO,REGATA JANAINA,PRETO,DISPONIVEL,"BLUES, BOSSA, JAZZ, PRETO, SAMBA, VALSA"
REGATA JANAINA - BLUES,REGATA JANAINA,BLUES,DISPONIVEL,"BLUES, BOSSA, JAZZ, PRETO, SAMBA, VALSA"
REGATA JANAINA - BOSSA,REGATA JANAINA,BOSSA,DISPONIVEL,"BLUES, BOSSA, JAZZ, PRETO, SAMBA, VALSA"
REGATA JANAINA - JAZZ,REGATA JANAINA,JAZZ,DISPONIVEL,"BLUES, BOSSA, JAZZ, PRETO, SAMBA, VALSA"
REGATA JANAINA - VALSA,REGATA JANAINA,VALSA,DISPONIVEL,"BLUES, BOSSA, JAZZ, PRETO, SAMBA, VALSA"
REGATA JANAINA - SAMBA,REGATA JANAINA,SAMBA,DISPONIVEL,"BLUES, BOSSA, JAZZ, PRETO, SAMBA, VALSA"
TOP CRISTINA - PRETO,TOP CRISTINA,PRETO,DISPONIVEL,"BLUES, BOSSA, JAZZ, PRETO, SAMBA"
TOP CRISTINA - BLUES,TOP CRISTINA,BLUES,DISPONIVEL,"BLUES, BOSSA, JAZZ, PRETO, SAMBA"
TOP CRISTINA - BOSSA,TOP CRISTINA,BOSSA,DISPONIVEL,"BLUES, BOSSA, JAZZ, PRETO, SAMBA"
TOP CRISTINA - JAZZ,TOP CRISTINA,JAZZ,DISPONIVEL,"BLUES, BOSSA, JAZZ, PRETO, SAMBA"
TOP CRISTINA - SAMBA,TOP CRISTINA,SAMBA,DISPONIVEL,"BLUES, BOSSA, JAZZ, PRETO, SAMBA"
MACACÃO EVERLY - MARINHO,MACACÃO EVERLY,MARINHO,PRODUTO_NAO_ENCONTRADO,
TOP JULIA - VANILLA,TOP JULIA,VANILLA,DISPONIVEL,"BLUES, BOSSA, JAZZ, PRETO, SAMBA, VALSA, VANILLA"
TOP JULIA - PRETO,TOP JULIA,PRETO,DISPONIVEL,"BLUES, BOSSA, JAZZ, PRETO, SAMBA, VALSA, VANILLA"
TOP JULIA - BLUES,TOP JULIA,BLUES,DISPONIVEL,"BLUES, BOSSA, JAZZ, PRETO, SAMBA, VALSA, VANILLA"
TOP JULIA - BOSSA,TOP JULIA,BOSSA,DISPONIVEL,"BLUES, BOSSA, JAZZ, PRETO, SAMBA, VALSA, VANILLA"
TOP JULIA - JAZZ,TOP JULIA,JAZZ,DISPONIVEL,"BLUES, BOSSA, JAZZ, PRETO, SAMBA, VALSA, VANILLA"
TOP JULIA - VALSA,TOP JULIA,VALSA,DISPONIVEL,"BLUES, BOSSA, JAZZ, PRETO, SAMBA, VALSA, VANILLA"
TOP JULIA - SAMBA,TOP JULIA,SAMBA,DISPONIVEL,"BLUES, BOSSA, JAZZ, PRETO, SAMBA, VALSA, VANILLA"
TOP TANIA - PRETO,TOP TANIA,PRETO,DISPONIVEL,"BLUES, JAZZ, PRETO"
TOP TANIA - BLUES,TOP TANIA,BLUES,DISPONIVEL,"BLUES, JAZZ, PRETO"
TOP TANIA - JAZZ,TOP TANIA,JAZZ,DISPONIVEL,"BLUES, JAZZ, PRETO"
TOP MIRNA - VANILLA,TOP MIRNA,VANILLA,DISPONIVEL,"BLUES, BOSSA, JAZZ, PRETO, SAMBA, VALSA, VANILLA"
TOP MIRNA - PRETO,TOP MIRNA,PRETO,DISPONIVEL,"BLUES, BOSSA, JAZZ, PRETO, SAMBA, VALSA, VANILLA"
TOP MIRNA - BLUES,TOP MIRNA,BLUES,DISPONIVEL,"BLUES, BOSSA, JAZZ, PRETO, SAMBA, VALSA, VANILLA"
TOP MIRNA - BOSSA,TOP MIRNA,BOSSA,DISPONIVEL,"BLUES, BOSSA, JAZZ, PRETO, SAMBA, VALSA, VANILLA"
TOP MIRNA - JAZZ,TOP MIRNA,JAZZ,DISPONIVEL,"BLUES, BOSSA, JAZZ, PRETO, SAMBA, VALSA, VANILLA"
TOP MIRNA - VALSA,TOP MIRNA,VALSA,DISPONIVEL,"BLUES, BOSSA, JAZZ, PRETO, SAMBA, VALSA, VANILLA"
TOP MIRNA - SAMBA,TOP MIRNA,SAMBA,DISPONIVEL,"BLUES, BOSSA, JAZZ, PRETO, SAMBA, VALSA, VANILLA"
TOP DEBORA - VALSA,TOP DEBORA,VALSA,DISPONIVEL,"JAZZ, VALSA"
TOP DEBORA - JAZZ,TOP DEBORA,JAZZ,DISPONIVEL,"JAZZ, VALSA"
TOP SIENA - MARINHO,TOP SIENA,MARINHO,DISPONIVEL,MARINHO
CALÇA ELAINE - VANILLA,CALÇA ELAINE,VANILLA,DISPONIVEL,"BLUES, BOSSA, JAZZ, PRETO, SAMBA, VALSA, VANILLA"
CALÇA ELAINE - PRETO,CALÇA ELAINE,PRETO,DISPONIVEL,"BLUES, BOSSA, JAZZ, PRETO, SAMBA, VALSA, VANILLA"
CALÇA ELAINE - BLUES,CALÇA ELAINE,BLUES,DISPONIVEL,"BLUES, BOSSA, JAZZ, PRETO, SAMBA, VALSA, VANILLA"
CALÇA ELAINE - BOSSA,CALÇA ELAINE,BOSSA,DISPONIVEL,"BLUES, BOSSA, JAZZ, PRETO, SAMBA, VALSA, VANILLA"
CALÇA ELAINE - JAZZ,CALÇA ELAINE,JAZZ,DISPONIVEL,"BLUES, BOSSA, JAZZ, PRETO, SAMBA, VALSA, VANILLA"
CALÇA ELAINE - VALSA,CALÇA ELAINE,VALSA,DISPONIVEL,"BLUES, BOSSA, JAZZ, PRETO, SAMBA, VALSA, VANILLA"
CALÇA ELAINE - SAMBA,CALÇA ELAINE,SAMBA,DISPONIVEL,"BLUES, BOSSA, JAZZ, PRETO, SAMBA, VALSA, VANILLA"
CALÇA TANIA - VANILLA,CALÇA TANIA,VANILLA,DISPONIVEL,"CARAMELO, JAZZ, VANILLA"
CALÇA TANIA - CARAMELO,CALÇA TANIA,CARAMELO,DISPONIVEL,"CARAMELO, JAZZ, VANILLA"
CALÇA TANIA - JAZZ,CALÇA TANIA,JAZZ,DISPONIVEL,"CARAMELO, JAZZ, VANILLA"
CALÇA CAROLINA - VANILLA,CALÇA CAROLINA,VANILLA,DISPONIVEL,"BLUES, BOSSA, JAZZ, PRETO, SAMBA, VALSA, VANILLA"
CALÇA CAROLINA - PRETO,CALÇA CAROLINA,PRETO,DISPONIVEL,"BLUES, BOSSA, JAZZ, PRETO, SAMBA, VALSA, VANILLA"
CALÇA CAROLINA - BLUES,CALÇA CAROLINA,BLUES,DISPONIVEL,"BLUES, BOSSA, JAZZ, PRETO, SAMBA, VALSA, VANILLA"
CALÇA CAROLINA - BOSSA,CALÇA CAROLINA,BOSSA,DISPONIVEL,"BLUES, BOSSA, JAZZ, PRETO, SAMBA, VALSA, VANILLA"
CALÇA CAROLINA - JAZZ,CALÇA CAROLINA,JAZZ,DISPONIVEL,"BLUES, BOSSA, JAZZ, PRETO, SAMBA, VALSA, VANILLA"
CALÇA CAROLINA - VALSA,CALÇA CAROLINA,VALSA,DISPONIVEL,"BLUES, BOSSA, JAZZ, PRETO, SAMBA, VALSA, VANILLA"
CALÇA CAROLINA - SAMBA,CALÇA CAROLINA,SAMBA,DISPONIVEL,"BLUES, BOSSA, JAZZ, PRETO, SAMBA, VALSA, VANILLA"
VESTIDO GIULIA - VALSA,VESTIDO GIULIA,VALSA,DISPONIVEL,"JAZZ, VALSA"
VESTIDO GIULIA - JAZZ,VESTIDO GIULIA,JAZZ,DISPONIVEL,"JAZZ, VALSA"
SHORT JESSICA - PRETO,SHORT JESSICA,PRETO,DISPONIVEL,"BLUES, BOSSA, JAZZ, PRETO"
SHORT JESSICA - BLUES,SHORT JESSICA,BLUES,DISPONIVEL,"BLUES, BOSSA, JAZZ, PRETO"
SHORT JESSICA - BOSSA,SHORT JESSICA,BOSSA,DISPONIVEL,"BLUES, BOSSA, JAZZ, PRETO"
SHORT JESSICA - JAZZ,SHORT JESSICA,JAZZ,DISPONIVEL,"BLUES, BOSSA, JAZZ, PRETO"
BLAZER GLENDA - VANILLA,BLAZER GLENDA,VANILLA,DISPONIVEL,"BLUES, BOSSA, JAZZ, PRETO, SAMBA, VALSA, VANILLA"
BLAZER GLENDA - PRETO,BLAZER GLENDA,PRETO,DISPONIVEL,"BLUES, BOSSA, JAZZ, PRETO, SAMBA, VALSA, VANILLA"
BLAZER GLENDA - BLUES,BLAZER GLENDA,BLUES,DISPONIVEL,"BLUES, BOSSA, JAZZ, PRETO, SAMBA, VALSA, VANILLA"
BLAZER GLENDA - BOSSA,BLAZER GLENDA,BOSSA,DISPONIVEL,"BLUES, BOSSA, JAZZ, PRETO, SAMBA, VALSA, VANILLA"
BLAZER GLENDA - JAZZ,BLAZER GLENDA,JAZZ,DISPONIVEL,"BLUES, BOSSA, JAZZ, PRETO, SAMBA, VALSA, VANILLA"
BLAZER GLENDA - VALSA,BLAZER GLENDA,VALSA,DISPONIVEL,"BLUES, BOSSA, JAZZ, PRETO, SAMBA, VALSA, VANILLA"
BLAZER GLENDA - SAMBA,BLAZER GLENDA,SAMBA,DISPONIVEL,"BLUES, BOSSA, JAZZ, PRETO, SAMBA, VALSA, VANILLA"
BLAZER JUDITE - PRETO,BLAZER JUDITE,PRETO,DISPONIVEL,"PRETO, VANILLA"
BLAZER JUDITE - VANILLA,BLAZER JUDITE,VANILLA,DISPONIVEL,"PRETO, VANILLA"
SHORT RAFAELA - VANILLA,SHORT RAFAELA,VANILLA,DISPONIVEL,"BLUES, BOSSA, JAZZ, PRETO, SAMBA, VALSA, VANILLA"
SHORT RAFAELA - PRETO,SHORT RAFAELA,PRETO,DISPONIVEL,"BLUES, BOSSA, JAZZ, PRETO, SAMBA, VALSA, VANILLA"
SHORT RAFAELA - BLUES,SHORT RAFAELA,BLUES,DISPONIVEL,"BLUES, BOSSA, JAZZ, PRETO, SAMBA, VALSA, VANILLA"
SHORT RAFAELA - BOSSA,SHORT RAFAELA,BOSSA,DISPONIVEL,"BLUES, BOSSA, JAZZ, PRETO, SAMBA, VALSA, VANILLA"
SHORT RAFAELA - JAZZ,SHORT RAFAELA,JAZZ,DISPONIVEL,"BLUES, BOSSA, JAZZ, PRETO, SAMBA, VALSA, VANILLA"
SHORT RAFAELA - VALSA,SHORT RAFAELA,VALSA,DISPONIVEL,"BLUES, BOSSA, JAZZ, PRETO, SAMBA, VALSA, VANILLA"
SHORT RAFAELA - SAMBA,SHORT RAFAELA,SAMBA,DISPONIVEL,"BLUES, BOSSA, JAZZ, PRETO, SAMBA, VALSA, VANILLA"
VESTIDO LIDIANE - MARINHO,VESTIDO LIDIANE,MARINHO,DISPONIVEL,"BLUES, JAZZ, MARINHO, SAMBA, VALSA, VANILLA"
VESTIDO LIDIANE - VANILLA,VESTIDO LIDIANE,VANILLA,DISPONIVEL,"BLUES, JAZZ, MARINHO, SAMBA, VALSA, VANILLA"
VESTIDO LIDIANE - JAZZ,VESTIDO LIDIANE,JAZZ,DISPONIVEL,"BLUES, JAZZ, MARINHO, SAMBA, VALSA, VANILLA"
VESTIDO LIDIANE - VALSA,VESTIDO LIDIANE,VALSA,DISPONIVEL,"BLUES, JAZZ, MARINHO, SAMBA, VALSA, VANILLA"
VESTIDO LIDIANE - SAMBA,VESTIDO LIDIANE,SAMBA,DISPONIVEL,"BLUES, JAZZ, MARINHO, SAMBA, VALSA, VANILLA"
VESTIDO LIDIANE - BLUES,VESTIDO LIDIANE,BLUES,DISPONIVEL,"BLUES, JAZZ, MARINHO, SAMBA, VALSA, VANILLA"
TOP JESSICA - VANILLA,TOP JESSICA,VANILLA,DISPONIVEL,"BLUES, BOSSA, JAZZ, PRETO, SAMBA, VALSA, VANILLA"
TOP JESSICA - PRETO,TOP JESSICA,PRETO,DISPONIVEL,"BLUES, BOSSA, JAZZ, PRETO, SAMBA, VALSA, VANILLA"
TOP JESSICA - BLUES,TOP JESSICA,BLUES,DISPONIVEL,"BLUES, BOSSA, JAZZ, PRETO, SAMBA, VALSA, VANILLA"
TOP JESSICA - BOSSA,TOP JESSICA,BOSSA,DISPONIVEL,"BLUES, BOSSA, JAZZ, PRETO, SAMBA, VALSA, VANILLA"
TOP JESSICA - JAZZ,TOP JESSICA,JAZZ,DISPONIVEL,"BLUES, BOSSA, JAZZ, PRETO, SAMBA, VALSA, VANILLA"
TOP JESSICA - VALSA,TOP JESSICA,VALSA,DISPONIVEL,"BLUES, BOSSA, JAZZ, PRETO, SAMBA, VALSA, VANILLA"
TOP JESSICA - SAMBA,TOP JESSICA,SAMBA,DISPONIVEL,"BLUES, BOSSA, JAZZ, PRETO, SAMBA, VALSA, VANILLA"
TOP LUISA - VANILLA,TOP LUISA,VANILLA,DISPONIVEL,"BLUES, BOSSA, JAZZ, PRETO, SAMBA, VALSA, VANILLA"
TOP LUISA - PRETO,TOP LUISA,PRETO,DISPONIVEL,"BLUES, BOSSA, JAZZ, PRETO, SAMBA, VALSA, VANILLA"
TOP LUISA - BLUES,TOP LUISA,BLUES,DISPONIVEL,"BLUES, BOSSA, JAZZ, PRETO, SAMBA, VALSA, VANILLA"
TOP LUISA - BOSSA,TOP LUISA,BOSSA,DISPONIVEL,"BLUES, BOSSA, JAZZ, PRETO, SAMBA, VALSA, VANILLA"
TOP LUISA - JAZZ,TOP LUISA,JAZZ,DISPONIVEL,"BLUES, BOSSA, JAZZ, PRETO, SAMBA, VALSA, VANILLA"
TOP LUISA - VALSA,TOP LUISA,VALSA,DISPONIVEL,"BLUES, BOSSA, JAZZ, PRETO, SAMBA, VALSA, VANILLA"
TOP LUISA - SAMBA,TOP LUISA,SAMBA,DISPONIVEL,"BLUES, BOSSA, JAZZ, PRETO, SAMBA, VALSA, VANILLA"
TOP AMALIA - VANILLA,TOP AMALIA,VANILLA,DISPONIVEL,"BLUES, BOSSA, JAZZ, PRETO, SAMBA, VALSA, VANILLA"
TOP AMALIA - PRETO,TOP AMALIA,PRETO,DISPONIVEL,"BLUES, BOSSA, JAZZ, PRETO, SAMBA, VALSA, VANILLA"
TOP AMALIA - BLUES,TOP AMALIA,BLUES,DISPONIVEL,"BLUES, BOSSA, JAZZ, PRETO, SAMBA, VALSA, VANILLA"
TOP AMALIA - BOSSA,TOP AMALIA,BOSSA,DISPONIVEL,"BLUES, BOSSA, JAZZ, PRETO, SAMBA, VALSA, VANILLA"
TOP AMALIA - JAZZ,TOP AMALIA,JAZZ,DISPONIVEL,"BLUES, BOSSA, JAZZ, PRETO, SAMBA, VALSA, VANILLA"
TOP AMALIA - VALSA,TOP AMALIA,VALSA,DISPONIVEL,"BLUES, BOSSA, JAZZ, PRETO, SAMBA, VALSA, VANILLA"
TOP AMALIA - SAMBA,TOP AMALIA,SAMBA,DISPONIVEL,"BLUES, BOSSA, JAZZ, PRETO, SAMBA, VALSA, VANILLA"
TOP MICHELE - VANILLA,TOP MICHELE,VANILLA,DISPONIVEL,"JAZZ, PRETO, SAMBA, VANILLA"
TOP MICHELE - PRETO,TOP MICHELE,PRETO,DISPONIVEL,"JAZZ, PRETO, SAMBA, VANILLA"
TOP MICHELE - JAZZ,TOP MICHELE,JAZZ,DISPONIVEL,"JAZZ, PRETO, SAMBA, VANILLA"
TOP MICHELE - SAMBA,TOP MICHELE,SAMBA,DISPONIVEL,"JAZZ, PRETO, SAMBA, VANILLA"
CASACO JUSSARA - CARAMELO,CASACO JUSSARA,CARAMELO,DISPONIVEL,"CARAMELO, JAZZ, VANILLA"
CASACO JUSSARA - VANILLA,CASACO JUSSARA,VANILLA,DISPONIVEL,"CARAMELO, JAZZ, VANILLA"
CASACO JUSSARA - JAZZ,CASACO JUSSARA,JAZZ,DISPONIVEL,"CARAMELO, JAZZ, VANILLA"
VESTIDO AMY - VANILLA,VESTIDO AMY,VANILLA,DISPONIVEL,"BLUES, BOSSA, JAZZ, PRETO, SAMBA, VALSA, VANILLA"
VESTIDO AMY - PRETO,VESTIDO AMY,PRETO,DISPONIVEL,"BLUES, BOSSA, JAZZ, PRETO, SAMBA, VALSA, VANILLA"
VESTIDO AMY - BLUES,VESTIDO AMY,BLUES,DISPONIVEL,"BLUES, BOSSA, JAZZ, PRETO, SAMBA, VALSA, VANILLA"
VESTIDO AMY - BOSSA,VESTIDO AMY,BOSSA,DISPONIVEL,"BLUES, BOSSA, JAZZ, PRETO, SAMBA, VALSA, VANILLA"
VESTIDO AMY - JAZZ,VESTIDO AMY,JAZZ,DISPONIVEL,"BLUES, BOSSA, JAZZ, PRETO, SAMBA, VALSA, VANILLA"
VESTIDO AMY - VALSA,VESTIDO AMY,VALSA,DISPONIVEL,"BLUES, BOSSA, JAZZ, PRETO, SAMBA, VALSA, VANILLA"
VESTIDO AMY - SAMBA,VESTIDO AMY,SAMBA,DISPONIVEL,"BLUES, BOSSA, JAZZ, PRETO, SAMBA, VALSA, VANILLA"
VESTIDO AMARA - VANILLA,VESTIDO AMARA,VANILLA,DISPONIVEL,"BLUES, BOSSA, JAZZ, PRETO, SAMBA, VALSA, VANILLA"
VESTIDO AMARA - PRETO,VESTIDO AMARA,PRETO,DISPONIVEL,"BLUES, BOSSA, JAZZ, PRETO, SAMBA, VALSA, VANILLA"
VESTIDO AMARA - BLUES,VESTIDO AMARA,BLUES,DISPONIVEL,"BLUES, BOSSA, JAZZ, PRETO, SAMBA, VALSA, VANILLA"
VESTIDO AMARA - BOSSA,VESTIDO AMARA,BOSSA,DISPONIVEL,"BLUES, BOSSA, JAZZ, PRETO, SAMBA, VALSA, VANILLA"
VESTIDO AMARA - JAZZ,VESTIDO AMARA,JAZZ,DISPONIVEL,"BLUES, BOSSA, JAZZ, PRETO, SAMBA, VALSA, VANILLA"
VESTIDO AMARA - VALSA,VESTIDO AMARA,VALSA,DISPONIVEL,"BLUES, BOSSA, JAZZ, PRETO, SAMBA, VALSA, VANILLA"
VESTIDO AMARA - SAMBA,VESTIDO AMARA,SAMBA,DISPONIVEL,"BLUES, BOSSA, JAZZ, PRETO, SAMBA, VALSA, VANILLA"
SHORT ISABELE - VANILLA,SHORT ISABELE,VANILLA,COR_NAO_ENCONTRADA,VANILA
SHORT SIENA - MARINHO,SHORT SIENA,MARINHO,DISPONIVEL,MARINHO
SHORT MONICA - VANILLA,SHORT MONICA,VANILLA,DISPONIVEL,"CARAMELO, JAZZ, VANILLA"
SHORT MONICA - CARAMELO,SHORT MONICA,CARAMELO,DISPONIVEL,"CARAMELO, JAZZ, VANILLA"
SHORT MONICA - JAZZ,SHORT MONICA,JAZZ,DISPONIVEL,"CARAMELO, JAZZ, VANILLA"
SHORT ANGELA - MARINHO,SHORT ANGELA,MARINHO,DISPONIVEL,"BLUES, BOSSA, JAZZ, MARINHO, MARITIMO, SAMBA, VANILLA"
SHORT ANGELA - VANILLA,SHORT ANGELA,VANILLA,DISPONIVEL,"BLUES, BOSSA, JAZZ, MARINHO, MARITIMO, SAMBA, VANILLA"
SHORT ANGELA - JAZZ,SHORT ANGELA,JAZZ,DISPONIVEL,"BLUES, BOSSA, JAZZ, MARINHO, MARITIMO, SAMBA, VANILLA"
SHORT ANGELA - BOSSA,SHORT ANGELA,BOSSA,DISPONIVEL,"BLUES, BOSSA, JAZZ, MARINHO, MARITIMO, SAMBA, VANILLA"
SHORT ANGELA - SAMBA,SHORT ANGELA,SAMBA,DISPONIVEL,"BLUES, BOSSA, JAZZ, MARINHO, MARITIMO, SAMBA, VANILLA"
SHORT ANGELA - BLUES,SHORT ANGELA,BLUES,DISPONIVEL,"BLUES, BOSSA, JAZZ, MARINHO, MARITIMO, SAMBA, VANILLA"
CALÇA SORAIA - VANILLA,CALÇA SORAIA,VANILLA,DISPONIVEL,"BLUES, BOSSA, JAZZ, PRETO, SAMBA, VALSA, VANILLA"
CALÇA SORAIA - PRETO,CALÇA SORAIA,PRETO,DISPONIVEL,"BLUES, BOSSA, JAZZ, PRETO, SAMBA, VALSA, VANILLA"
CALÇA SORAIA - BLUES,CALÇA SORAIA,BLUES,DISPONIVEL,"BLUES, BOSSA, JAZZ, PRETO, SAMBA, VALSA, VANILLA"
CALÇA SORAIA - BOSSA,CALÇA SORAIA,BOSSA,DISPONIVEL,"BLUES, BOSSA, JAZZ, PRETO, SAMBA, VALSA, VANILLA"
CALÇA SORAIA - JAZZ,CALÇA SORAIA,JAZZ,DISPONIVEL,"BLUES, BOSSA, JAZZ, PRETO, SAMBA, VALSA, VANILLA"
CALÇA SORAIA - VALSA,CALÇA SORAIA,VALSA,DISPONIVEL,"BLUES, BOSSA, JAZZ, PRETO, SAMBA, VALSA, VANILLA"
CALÇA SORAIA - SAMBA,CALÇA SORAIA,SAMBA,DISPONIVEL,"BLUES, BOSSA, JAZZ, PRETO, SAMBA, VALSA, VANILLA"
MACACÃO CAROL - PRETO,MACACÃO CAROL,PRETO,PRODUTO_NAO_ENCONTRADO,
MACACÃO CAROL - BLUES,MACACÃO CAROL,BLUES,PRODUTO_NAO_ENCONTRADO,
MACACÃO CAROL - JAZZ,MACACÃO CAROL,JAZZ,PRODUTO_NAO_ENCONTRADO,
MACACÃO CAROL - VALSA,MACACÃO CAROL,VALSA,PRODUTO_NAO_ENCONTRADO,
TOP MIRANDA - VANILLA,TOP MIRANDA,VANILLA,DISPONIVEL,"BLUES, BOSSA, JAZZ, PRETO, SAMBA, VALSA, VANILLA"
TOP MIRANDA - PRETO,TOP MIRANDA,PRETO,DISPONIVEL,"BLUES, BOSSA, JAZZ, PRETO, SAMBA, VALSA, VANILLA"
TOP MIRANDA - BLUES,TOP MIRANDA,BLUES,DISPONIVEL,"BLUES, BOSSA, JAZZ, PRETO, SAMBA, VALSA, VANILLA"
TOP MIRANDA - BOSSA,TOP MIRANDA,BOSSA,DISPONIVEL,"BLUES, BOSSA, JAZZ, PRETO, SAMBA, VALSA, VANILLA"
TOP MIRANDA - JAZZ,TOP MIRANDA,JAZZ,DISPONIVEL,"BLUES, BOSSA, JAZZ, PRETO, SAMBA, VALSA, VANILLA"
TOP MIRANDA - VALSA,TOP MIRANDA,VALSA,DISPONIVEL,"BLUES, BOSSA, JAZZ, PRETO, SAMBA, VALSA, VANILLA"
TOP MIRANDA - SAMBA,TOP MIRANDA,SAMBA,DISPONIVEL,"BLUES, BOSSA, JAZZ, PRETO, SAMBA, VALSA, VANILLA"
VESTIDO SOPHIA - VANILLA,VESTIDO SOPHIA,VANILLA,DISPONIVEL,"BOSSA, PRETO, SAMBA, VALSA, VANILLA"
VESTIDO SOPHIA - PRETO,VESTIDO SOPHIA,PRETO,DISPONIVEL,"BOSSA, PRETO, SAMBA, VALSA, VANILLA"
VESTIDO SOPHIA - BOSSA,VESTIDO SOPHIA,BOSSA,DISPONIVEL,"BOSSA, PRETO, SAMBA, VALSA, VANILLA"
VESTIDO SOPHIA - VALSA,VESTIDO SOPHIA,VALSA,DISPONIVEL,"BOSSA, PRETO, SAMBA, VALSA, VANILLA"
VESTIDO SOPHIA - SAMBA,VESTIDO SOPHIA,SAMBA,DISPONIVEL,"BOSSA, PRETO, SAMBA, VALSA, VANILLA"
BLAZER DALIA - VALSA,BLAZER DALIA,VALSA,DISPONIVEL,"JAZZ, VALSA"
BLAZER DALIA - JAZZ,BLAZER DALIA,JAZZ,DISPONIVEL,"JAZZ, VALSA"
CALÇA DALIA - VALSA,CALÇA DALIA,VALSA,DISPONIVEL,"JAZZ, VALSA"
CALÇA DALIA - JAZZ,CALÇA DALIA,JAZZ,DISPONIVEL,"JAZZ, VALSA"
CALÇA TATIANA - VANILLA/VALSA,CALÇA TATIANA,VANILLA/VALSA,DISPONIVEL,VANILLA/VALSA
CAMISA KIARA - MARINHO,CAMISA KIARA,MARINHO,DISPONIVEL,"BLUES, JAZZ, MARINHO, SAMBA, VALSA, VANILLA"
CAMISA KIARA - VANILLA,CAMISA KIARA,VANILLA,DISPONIVEL,"BLUES, JAZZ, MARINHO, SAMBA, VALSA, VANILLA"
CAMISA KIARA - JAZZ,CAMISA KIARA,JAZZ,DISPONIVEL,"BLUES, JAZZ, MARINHO, SAMBA, VALSA, VANILLA"
CAMISA KIARA - VALSA,CAMISA KIARA,VALSA,DISPONIVEL,"BLUES, JAZZ, MARINHO, SAMBA, VALSA, VANILLA"
CAMISA KIARA - BLUES,CAMISA KIARA,BLUES,DISPONIVEL,"BLUES, JAZZ, MARINHO, SAMBA, VALSA, VANILLA"
CAMISA DENISE - VANILLA/VALSA,CAMISA DENISE,VANILLA/VALSA,DISPONIVEL,VANILLA/VALSA
CALÇA ELIANA - CARAMELO,CALÇA ELIANA,CARAMELO,DISPONIVEL,"CARAMELO, JAZZ, VANILLA"
CALÇA ELIANA - VANILLA,CALÇA ELIANA,VANILLA,DISPONIVEL,"CARAMELO, JAZZ, VANILLA"
CALÇA ELIANA - JAZZ,CALÇA ELIANA,JAZZ,DISPONIVEL,"CARAMELO, JAZZ, VANILLA"
SHORT ALICIA - JAZZ,SHORT ALICIA,JAZZ,DISPONIVEL,"JAZZ, VALSA"
SHORT ALICIA - VALSA,SHORT ALICIA,VALSA,DISPONIVEL,"JAZZ, VALSA"
CALÇA HELOISE - POA,CALÇA HELOISE,POA,DISPONIVEL,POA
CALÇA MAITE - GRAFITE,CALÇA MAITE,GRAFITE,DISPONIVEL,GRAFITE
VESTIDO RUBIA - BOSSA,VESTIDO RUBIA,BOSSA,DISPONIVEL,BOSSA
BLAZER MARIA - GRAFITE,BLAZER MARIA,GRAFITE,DISPONIVEL,GRAFITE
SHORT SORAIA - VANILLA,SHORT SORAIA,VANILLA,DISPONIVEL,"BLUES, JAZZ, PRETO, SAMBA, VALSA, VANILLA"
SHORT SORAIA - PRETO,SHORT SORAIA,PRETO,DISPONIVEL,"BLUES, JAZZ, PRETO, SAMBA, VALSA, VANILLA"
SHORT SORAIA - BLUES,SHORT SORAIA,BLUES,DISPONIVEL,"BLUES, JAZZ, PRETO, SAMBA, VALSA, VANILLA"
SHORT SORAIA - JAZZ,SHORT SORAIA,JAZZ,DISPONIVEL,"BLUES, JAZZ, PRETO, SAMBA, VALSA, VANILLA"
SHORT SORAIA - VALSA,SHORT SORAIA,VALSA,DISPONIVEL,"BLUES, JAZZ, PRETO, SAMBA, VALSA, VANILLA"
SHORT SORAIA - SAMBA,SHORT SORAIA,SAMBA,DISPONIVEL,"BLUES, JAZZ, PRETO, SAMBA, VALSA, VANILLA"
CAMISA MARILDA - MARINHO,CAMISA MARILDA,MARINHO,DISPONIVEL,"BLUES, BOSSA, JAZZ, MARINHO, MARITIMO, SAMBA, VANILLA"
CAMISA MARILDA - VANILLA,CAMISA MARILDA,VANILLA,DISPONIVEL,"BLUES, BOSSA, JAZZ, MARINHO, MARITIMO, SAMBA, VANILLA"
CAMISA MARILDA - SAMBA,CAMISA MARILDA,SAMBA,DISPONIVEL,"BLUES, BOSSA, JAZZ, MARINHO, MARITIMO, SAMBA, VANILLA"
CAMISA MARILDA - BLUES,CAMISA MARILDA,BLUES,DISPONIVEL,"BLUES, BOSSA, JAZZ, MARINHO, MARITIMO, SAMBA, VANILLA"
CAMISA MARILDA - BOSSA,CAMISA MARILDA,BOSSA,DISPONIVEL,"BLUES, BOSSA, JAZZ, MARINHO, MARITIMO, SAMBA, VANILLA"
CAMISA MARILDA - JAZZ,CAMISA MARILDA,JAZZ,DISPONIVEL,"BLUES, BOSSA, JAZZ, MARINHO, MARITIMO, SAMBA, VANILLA"
CALÇA MIRNA - VANILLA,CALÇA MIRNA,VANILLA,DISPONIVEL,"BLUES, BOSSA, JAZZ, PRETO, SAMBA, VALSA, VANILLA"
CALÇA MIRNA - PRETO,CALÇA MIRNA,PRETO,DISPONIVEL,"BLUES, BOSSA, JAZZ, PRETO, SAMBA, VALSA, VANILLA"
CALÇA MIRNA - BLUES,CALÇA MIRNA,BLUES,DISPONIVEL,"BLUES, BOSSA, JAZZ, PRETO, SAMBA, VALSA, VANILLA"
CALÇA MIRNA - BOSSA,CALÇA MIRNA,BOSSA,DISPONIVEL,"BLUES, BOSSA, JAZZ, PRETO, SAMBA, VALSA, VANILLA"
CALÇA MIRNA - JAZZ,CALÇA MIRNA,JAZZ,DISPONIVEL,"BLUES, BOSSA, JAZZ, PRETO, SAMBA, VALSA, VANILLA"
CALÇA MIRNA - VALSA,CALÇA MIRNA,VALSA,DISPONIVEL,"BLUES, BOSSA, JAZZ, PRETO, SAMBA, VALSA, VANILLA"
CALÇA MIRNA - SAMBA,CALÇA MIRNA,SAMBA,DISPONIVEL,"BLUES, BOSSA, JAZZ, PRETO, SAMBA, VALSA, VANILLA"
TOP LUCILLE - VANILLA,TOP LUCILLE,VANILLA,DISPONIVEL,"BLUES, BOSSA, JAZZ, PRETO, VANILLA"
TOP LUCILLE - PRETO,TOP LUCILLE,PRETO,DISPONIVEL,"BLUES, BOSSA, JAZZ, PRETO, VANILLA"
TOP LUCILLE - BLUES,TOP LUCILLE,BLUES,DISPONIVEL,"BLUES, BOSSA, JAZZ, PRETO, VANILLA"
TOP LUCILLE - BOSSA,TOP LUCILLE,BOSSA,DISPONIVEL,"BLUES, BOSSA, JAZZ, PRETO, VANILLA"
TOP LUCILLE - JAZZ,TOP LUCILLE,JAZZ,DISPONIVEL,"BLUES, BOSSA, JAZZ, PRETO, VANILLA"
BLUSA HELOISE - POA,BLUSA HELOISE,POA,DISPONIVEL,POA
CALÇA JOYCE - SAMBA,CALÇA JOYCE,SAMBA,DISPONIVEL,SAMBA
TOP JOYCE - VANILLA,TOP JOYCE,VANILLA,DISPONIVEL,"BOSSA, VANILLA"
TOP JOYCE - BOSSA,TOP JOYCE,BOSSA,DISPONIVEL,"BOSSA, VANILLA"
SHORT VIRGINIA - VANILLA/VALSA,SHORT VIRGINIA,VANILLA/VALSA,DISPONIVEL,VANILLA/VALSA
SHORT DINORA - MARINHO,SHORT DINORA,MARINHO,DISPONIVEL,MARINHO
JAQUETA FERNANDA - MARINHO,JAQUETA FERNANDA,MARINHO,DISPONIVEL,"MARINHO, MARITIMO"
TOP SIMONE - CARAMELO,TOP SIMONE,CARAMELO,DISPONIVEL,"CARAMELO, JAZZ, VANILLA"
TOP SIMONE - JAZZ,TOP SIMONE,JAZZ,DISPONIVEL,"CARAMELO, JAZZ, VANILLA"
TOP SIMONE - VANILLA,TOP SIMONE,VANILLA,DISPONIVEL,"CARAMELO, JAZZ, VANILLA"
SHORT SAIA JULIANA - VANILLA,SHORT SAIA JULIANA,VANILLA,DISPONIVEL,"BLUES, BOSSA, JAZZ, PRETO, VANILLA"
SHORT SAIA JULIANA - PRETO,SHORT SAIA JULIANA,PRETO,DISPONIVEL,"BLUES, BOSSA, JAZZ, PRETO, VANILLA"
SHORT SAIA JULIANA - BLUES,SHORT SAIA JULIANA,BLUES,DISPONIVEL,"BLUES, BOSSA, JAZZ, PRETO, VANILLA"
SHORT SAIA JULIANA - BOSSA,SHORT SAIA JULIANA,BOSSA,DISPONIVEL,"BLUES, BOSSA, JAZZ, PRETO, VANILLA"
SHORT SAIA JULIANA - JAZZ,SHORT SAIA JULIANA,JAZZ,DISPONIVEL,"BLUES, BOSSA, JAZZ, PRETO, VANILLA"
CALÇA RENATA - VANILLA,CALÇA RENATA,VANILLA,DISPONIVEL,"CARAMELO, JAZZ, VANILLA"
CALÇA RENATA - CARAMELO,CALÇA RENATA,CARAMELO,DISPONIVEL,"CARAMELO, JAZZ, VANILLA"
CALÇA RENATA - JAZZ,CALÇA RENATA,JAZZ,DISPONIVEL,"CARAMELO, JAZZ, VANILLA"
SAIA ANGELICA - PRETO,SAIA ANGELICA,PRETO,DISPONIVEL,"BLUES, JAZZ, PRETO, SAMBA, VALSA"
SAIA ANGELICA - BLUES,SAIA ANGELICA,BLUES,DISPONIVEL,"BLUES, JAZZ, PRETO, SAMBA, VALSA"
SAIA ANGELICA - JAZZ,SAIA ANGELICA,JAZZ,DISPONIVEL,"BLUES, JAZZ, PRETO, SAMBA, VALSA"
CALÇA JULIENE - VANILLA,CALÇA JULIENE,VANILLA,DISPONIVEL,"PRETO, VANILLA"
CALÇA JULIENE - PRETO,CALÇA JULIENE,PRETO,DISPONIVEL,"PRETO, VANILLA"
CALÇA TINA - VANILLA,CALÇA TINA,VANILLA,DISPONIVEL,"BLUES, BOSSA, JAZZ, PRETO, SAMBA, VALSA, VANILLA"
CALÇA TINA - PRETO,CALÇA TINA,PRETO,DISPONIVEL,"BLUES, BOSSA, JAZZ, PRETO, SAMBA, VALSA, VANILLA"
CALÇA TINA - BLUES,CALÇA TINA,BLUES,DISPONIVEL,"BLUES, BOSSA, JAZZ, PRETO, SAMBA, VALSA, VANILLA"
CALÇA TINA - BOSSA,CALÇA TINA,BOSSA,DISPONIVEL,"BLUES, BOSSA, JAZZ, PRETO, SAMBA, VALSA, VANILLA"
CALÇA TINA - JAZZ,CALÇA TINA,JAZZ,DISPONIVEL,"BLUES, BOSSA, JAZZ, PRETO, SAMBA, VALSA, VANILLA"
CALÇA TINA - VALSA,CALÇA TINA,VALSA,DISPONIVEL,"BLUES, BOSSA, JAZZ, PRETO, SAMBA, VALSA, VANILLA"
CALÇA TINA - SAMBA,CALÇA TINA,SAMBA,DISPONIVEL,"BLUES, BOSSA, JAZZ, PRETO, SAMBA, VALSA, VANILLA"
VESTIDO LARA - SAMBA,VESTIDO LARA,SAMBA,COR_NAO_ENCONTRADA,PRETO
TOP FATIMA - VANILLA,TOP FATIMA,VANILLA,DISPONIVEL,"BLUES, BOSSA, JAZZ, PRETO, SAMBA, VALSA, VANILLA"
TOP FATIMA - PRETO,TOP FATIMA,PRETO,DISPONIVEL,"BLUES, BOSSA, JAZZ, PRETO, SAMBA, VALSA, VANILLA"
TOP FATIMA - BLUES,TOP FATIMA,BLUES,DISPONIVEL,"BLUES, BOSSA, JAZZ, PRETO, SAMBA, VALSA, VANILLA"
TOP FATIMA - BOSSA,TOP FATIMA,BOSSA,DISPONIVEL,"BLUES, BOSSA, JAZZ, PRETO, SAMBA, VALSA, VANILLA"
TOP FATIMA - JAZZ,TOP FATIMA,JAZZ,DISPONIVEL,"BLUES, BOSSA, JAZZ, PRETO, SAMBA, VALSA, VANILLA"
TOP FATIMA - VALSA,TOP FATIMA,VALSA,DISPONIVEL,"BLUES, BOSSA, JAZZ, PRETO, SAMBA, VALSA, VANILLA"
TOP FATIMA - SAMBA,TOP FATIMA,SAMBA,DISPONIVEL,"BLUES, BOSSA, JAZZ, PRETO, SAMBA, VALSA, VANILLA"
MACACÃO LAYLA - VANILLA,MACACÃO LAYLA,VANILLA,DISPONIVEL,"BLUES, BOSSA, JAZZ, PRETO, SAMBA, VALSA, VANILLA"
MACACÃO LAYLA - PRETO,MACACÃO LAYLA,PRETO,DISPONIVEL,"BLUES, BOSSA, JAZZ, PRETO, SAMBA, VALSA, VANILLA"
MACACÃO LAYLA - BLUES,MACACÃO LAYLA,BLUES,DISPONIVEL,"BLUES, BOSSA, JAZZ, PRETO, SAMBA, VALSA, VANILLA"
MACACÃO LAYLA - BOSSA,MACACÃO LAYLA,BOSSA,DISPONIVEL,"BLUES, BOSSA, JAZZ, PRETO, SAMBA, VALSA, VANILLA"
MACACÃO LAYLA - JAZZ,MACACÃO LAYLA,JAZZ,DISPONIVEL,"BLUES, BOSSA, JAZZ, PRETO, SAMBA, VALSA, VANILLA"
MACACÃO LAYLA - VALSA,MACACÃO LAYLA,VALSA,DISPONIVEL,"BLUES, BOSSA, JAZZ, PRETO, SAMBA, VALSA, VANILLA"
MACACÃO LAYLA - SAMBA,MACACÃO LAYLA,SAMBA,DISPONIVEL,"BLUES, BOSSA, JAZZ, PRETO, SAMBA, VALSA, VANILLA"
VESTIDO BRENDA - BOSSA,VESTIDO BRENDA,BOSSA,DISPONIVEL,BOSSA
BLAZER ISADORA - VANILLA,BLAZER ISADORA,VANILLA,DISPONIVEL,"BLUES, BOSSA, JAZZ, PRETO, SAMBA, VALSA, VANILLA"
BLAZER ISADORA - PRETO,BLAZER ISADORA,PRETO,DISPONIVEL,"BLUES, BOSSA, JAZZ, PRETO, SAMBA, VALSA, VANILLA"
BLAZER ISADORA - BLUES,BLAZER ISADORA,BLUES,DISPONIVEL,"BLUES, BOSSA, JAZZ, PRETO, SAMBA, VALSA, VANILLA"
BLAZER ISADORA - BOSSA,BLAZER ISADORA,BOSSA,DISPONIVEL,"BLUES, BOSSA, JAZZ, PRETO, SAMBA, VALSA, VANILLA"
BLAZER ISADORA - JAZZ,BLAZER ISADORA,JAZZ,DISPONIVEL,"BLUES, BOSSA, JAZZ, PRETO, SAMBA, VALSA, VANILLA"
BLAZER ISADORA - VALSA,BLAZER ISADORA,VALSA,DISPONIVEL,"BLUES, BOSSA, JAZZ, PRETO, SAMBA, VALSA, VANILLA"
BLAZER ISADORA - SAMBA,BLAZER ISADORA,SAMBA,DISPONIVEL,"BLUES, BOSSA, JAZZ, PRETO, SAMBA, VALSA, VANILLA"
SHORT SAIA ISADORA - VANILLA,SHORT SAIA ISADORA,VANILLA,DISPONIVEL,"BLUES, BOSSA, JAZZ, PRETO, SAMBA, VALSA, VANILLA"
SHORT SAIA ISADORA - PRETO,SHORT SAIA ISADORA,PRETO,DISPONIVEL,"BLUES, BOSSA, JAZZ, PRETO, SAMBA, VALSA, VANILLA"
SHORT SAIA ISADORA - BLUES,SHORT SAIA ISADORA,BLUES,DISPONIVEL,"BLUES, BOSSA, JAZZ, PRETO, SAMBA, VALSA, VANILLA"
SHORT SAIA ISADORA - BOSSA,SHORT SAIA ISADORA,BOSSA,DISPONIVEL,"BLUES, BOSSA, JAZZ, PRETO, SAMBA, VALSA, VANILLA"
SHORT SAIA ISADORA - JAZZ,SHORT SAIA ISADORA,JAZZ,DISPONIVEL,"BLUES, BOSSA, JAZZ, PRETO, SAMBA, VALSA, VANILLA"
SHORT SAIA ISADORA - VALSA,SHORT SAIA ISADORA,VALSA,DISPONIVEL,"BLUES, BOSSA, JAZZ, PRETO, SAMBA, VALSA, VANILLA"
SHORT SAIA ISADORA - SAMBA,SHORT SAIA ISADORA,SAMBA,DISPONIVEL,"BLUES, BOSSA, JAZZ, PRETO, SAMBA, VALSA, VANILLA"
MACACÃO ALICE - VALSA,MACACÃO ALICE,VALSA,DISPONIVEL,VALSA
SHORT SAIA MAITE - GRAFITE,SHORT SAIA MAITE,GRAFITE,DISPONIVEL,GRAFITE
SHORT SAIA ALICE - VALSA,SHORT SAIA ALICE,VALSA,DISPONIVEL,VALSA
SHORT DINA - VALSA,SHORT DINA,VALSA,DISPONIVEL,VALSA
CALÇA DINA - VALSA,CALÇA DINA,VALSA,DISPONIVEL,VALSA
BLAZER MARIANE - GRAFITE,BLAZER MARIANE,GRAFITE,DISPONIVEL,GRAFITE
BLAZER DINA - VALSA,BLAZER DINA,VALSA,DISPONIVEL,VALSA
BODY LARA - SAMBA,BODY LARA,SAMBA,DISPONIVEL,SAMBA
CALÇA ANALU - GRAFITE,CALÇA ANALU,GRAFITE,DISPONIVEL,GRAFITE
CALÇA NATALIA - SAMBA,CALÇA NATALIA,SAMBA,DISPONIVEL,SAMBA
SAIA MARISA - PRETO,SAIA MARISA,PRETO,DISPONIVEL,"PRETO, VANILLA"
SAIA MARISA - VANILLA,SAIA MARISA,VANILLA,DISPONIVEL,"PRETO, VANILLA"
SAIA LIANA - PRETO,SAIA LIANA,PRETO,DISPONIVEL,"PRETO, VANILLA"
SAIA LIANA - VANILLA,SAIA LIANA,VANILLA,DISPONIVEL,"PRETO, VANILLA"
CALÇA MARISA - PRETO,CALÇA MARISA,PRETO,DISPONIVEL,"PRETO, VANILLA"
CALÇA MARISA - VANILLA,CALÇA MARISA,VANILLA,DISPONIVEL,"PRETO, VANILLA"
SAIA ANDREZA - SAMBA,SAIA ANDREZA,SAMBA,DISPONIVEL,SAMBA
TOP ALICIA - VALSA,TOP ALICIA,VALSA,DISPONIVEL,VALSA
BLUSA SORAIA - POA,BLUSA SORAIA,POA,DISPONIVEL,POA
JAQUETA JESSICA - PRETO,JAQUETA JESSICA,PRETO,DISPONIVEL,"CARAMELO, JAZZ, PRETO, VALSA"
JAQUETA JESSICA - VALSA,JAQUETA JESSICA,VALSA,DISPONIVEL,"CARAMELO, JAZZ, PRETO, VALSA"
JAQUETA JESSICA - JAZZ,JAQUETA JESSICA,JAZZ,DISPONIVEL,"CARAMELO, JAZZ, PRETO, VALSA"
JAQUETA JESSICA - CARAMELO,JAQUETA JESSICA,CARAMELO,DISPONIVEL,"CARAMELO, JAZZ, PRETO, VALSA"
CALÇA IARA - PRETO,CALÇA IARA,PRETO,DISPONIVEL,"CARAMELO, JAZZ, PRETO, VALSA"
CALÇA IARA - VALSA,CALÇA IARA,VALSA,DISPONIVEL,"CARAMELO, JAZZ, PRETO, VALSA"
CALÇA IARA - JAZZ,CALÇA IARA,JAZZ,DISPONIVEL,"CARAMELO, JAZZ, PRETO, VALSA"
CALÇA IARA - CARAMELO,CALÇA IARA,CARAMELO,DISPONIVEL,"CARAMELO, JAZZ, PRETO, VALSA"
CALÇA ANALIS - CARAMELO,CALÇA ANALIS,CARAMELO,DISPONIVEL,"CARAMELO, JAZZ, PRETO, VALSA"
CALÇA ANALIS - JAZZ,CALÇA ANALIS,JAZZ,DISPONIVEL,"CARAMELO, JAZZ, PRETO, VALSA"
CALÇA ANALIS - PRETO,CALÇA ANALIS,PRETO,DISPONIVEL,"CARAMELO, JAZZ, PRETO, VALSA"
CALÇA ANALIS - VALSA,CALÇA ANALIS,VALSA,DISPONIVEL,"CARAMELO, JAZZ, PRETO, VALSA"
SHORT AMANDA - VALSA,SHORT AMANDA,VALSA,DISPONIVEL,"CARAMELO, JAZZ, PRETO, VALSA"
SHORT AMANDA - PRETO,SHORT AMANDA,PRETO,DISPONIVEL,"CARAMELO, JAZZ, PRETO, VALSA"
SHORT AMANDA - JAZZ,SHORT AMANDA,JAZZ,DISPONIVEL,"CARAMELO, JAZZ, PRETO, VALSA"
SHORT AMANDA - CARAMELO,SHORT AMANDA,CARAMELO,DISPONIVEL,"CARAMELO, JAZZ, PRETO, VALSA"
TOP GRAZI - PRETO,TOP GRAZI,PRETO,DISPONIVEL,"CARAMELO, JAZZ, PRETO, VALSA"
TOP GRAZI - VALSA,TOP GRAZI,VALSA,DISPONIVEL,"CARAMELO, JAZZ, PRETO, VALSA"
TOP GRAZI - JAZZ,TOP GRAZI,JAZZ,DISPONIVEL,"CARAMELO, JAZZ, PRETO, VALSA"
TOP GRAZI - CARAMELO,TOP GRAZI,CARAMELO,DISPONIVEL,"CARAMELO, JAZZ, PRETO, VALSA"
TOP ANALIS - PRETO,TOP ANALIS,PRETO,DISPONIVEL,"CARAMELO, JAZZ, PRETO, VALSA"
TOP ANALIS - VALSA,TOP ANALIS,VALSA,DISPONIVEL,"CARAMELO, JAZZ, PRETO, VALSA"
TOP ANALIS - JAZZ,TOP ANALIS,JAZZ,DISPONIVEL,"CARAMELO, JAZZ, PRETO, VALSA"
TOP ANALIS - CARAMELO,TOP ANALIS,CARAMELO,DISPONIVEL,"CARAMELO, JAZZ, PRETO, VALSA"
COLETE ANALICE - GRAFITE,COLETE ANALICE,GRAFITE,DISPONIVEL,"ARTICO 27, GRAFITE"
SHORT MERCES - SAMBA,SHORT MERCES,SAMBA,DISPONIVEL,"BLUES, BOSSA, JAZZ, MARINHO, SAMBA, VANILLA"
SHORT MERCES - BLUES,SHORT MERCES,BLUES,DISPONIVEL,"BLUES, BOSSA, JAZZ, MARINHO, SAMBA, VANILLA"
SHORT MERCES - BOSSA,SHORT MERCES,BOSSA,DISPONIVEL,"BLUES, BOSSA, JAZZ, MARINHO, SAMBA, VANILLA"
SHORT MERCES - JAZZ,SHORT MERCES,JAZZ,DISPONIVEL,"BLUES, BOSSA, JAZZ, MARINHO, SAMBA, VANILLA"
SHORT MERCES - VANILLA,SHORT MERCES,VANILLA,DISPONIVEL,"BLUES, BOSSA, JAZZ, MARINHO, SAMBA, VANILLA"
SHORT MERCES - MARINHO,SHORT MERCES,MARINHO,DISPONIVEL,"BLUES, BOSSA, JAZZ, MARINHO, SAMBA, VANILLA"
SHORT SAIA ANALICE - GRAFITE,SHORT SAIA ANALICE,GRAFITE,DISPONIVEL,GRAFITE
VESTIDO SERENA - SAMBA,VESTIDO SERENA,SAMBA,DISPONIVEL,SAMBA
CALÇA AVA - SAMBA,CALÇA AVA,SAMBA,DISPONIVEL,"PRETO, SAMBA"
MACACÃO MIRA - VANILLA,MACACÃO MIRA,VANILLA,DISPONIVEL,"CARAMELO, JAZZ, VANILLA"
MACACÃO MIRA - CARAMELO,MACACÃO MIRA,CARAMELO,DISPONIVEL,"CARAMELO, JAZZ, VANILLA"
MACACÃO MIRA - JAZZ,MACACÃO MIRA,JAZZ,DISPONIVEL,"CARAMELO, JAZZ, VANILLA"
VESTIDO JOYCE - SAMBA,VESTIDO JOYCE,SAMBA,DISPONIVEL,SAMBA
VESTIDO SOLANGE - POA,VESTIDO SOLANGE,POA,DISPONIVEL,POA
VESTIDO JANAINA - SAMBA,VESTIDO JANAINA,SAMBA,DISPONIVEL,SAMBA
VESTIDO ISABEL - SAMBA,VESTIDO ISABEL,SAMBA,DISPONIVEL,"BEGE, SAMBA"
CALÇA SUZETE - JEANS CLARO,CALÇA SUZETE,JEANS CLARO,DISPONIVEL,"JEANS CLARO, JEANS MEDIO, PRETO"
CALÇA SUZETE - JEANS MEDIO,CALÇA SUZETE,JEANS MEDIO,DISPONIVEL,"JEANS CLARO, JEANS MEDIO, PRETO"
CALÇA SUZETE - PRETO,CALÇA SUZETE,PRETO,DISPONIVEL,"JEANS CLARO, JEANS MEDIO, PRETO"
CALÇA MICAELA - JEANS CLARO,CALÇA MICAELA,JEANS CLARO,DISPONIVEL,JEANS CLARO
JAQUETA ALEXIS - JEANS CLARO,JAQUETA ALEXIS,JEANS CLARO,DISPONIVEL,JEANS CLARO
CALÇA EMMA - JEANS CLARO,CALÇA EMMA,JEANS CLARO,PRODUTO_NAO_ENCONTRADO,
CALÇA NORA - JEANS ESCURO,CALÇA NORA,JEANS ESCURO,DISPONIVEL,JEANS ESCURO
CAMISA BRIANA - JEANS ESCURO,CAMISA BRIANA,JEANS ESCURO,DISPONIVEL,JEANS ESCURO
TOP ANDREZA - SAMBA,TOP ANDREZA,SAMBA,DISPONIVEL,SAMBA
VESTIDO PRISCILA - SAMBA,VESTIDO PRISCILA,SAMBA,DISPONIVEL,SAMBA
VESTIDO ALANA - SAMBA,VESTIDO ALANA,SAMBA,DISPONIVEL,SAMBA
TOP LIANA - VANILLA,TOP LIANA,VANILLA,DISPONIVEL,"PRETO, VANILLA"
TOP LIANA - PRETO,TOP LIANA,PRETO,DISPONIVEL,"PRETO, VANILLA"
CALÇA RUBIA - VANILLA,CALÇA RUBIA,VANILLA,DISPONIVEL,"BOSSA, VANILLA"
CALÇA RUBIA - BOSSA,CALÇA RUBIA,BOSSA,DISPONIVEL,"BOSSA, VANILLA"
JAQUETA LAWRENCE - PRETO,JAQUETA LAWRENCE,PRETO,DISPONIVEL,"CARAMELO, JAZZ, PRETO"
JAQUETA LAWRENCE - JAZZ,JAQUETA LAWRENCE,JAZZ,DISPONIVEL,"CARAMELO, JAZZ, PRETO"
JAQUETA LAWRENCE - CARAMELO,JAQUETA LAWRENCE,CARAMELO,DISPONIVEL,"CARAMELO, JAZZ, PRETO"
SAIA NAIKA - JAZZ,SAIA NAIKA,JAZZ,DISPONIVEL,JAZZ
SAIA IVONE - PRETO,SAIA IVONE,PRETO,DISPONIVEL,PRETO
VESTIDO HELOISA - POÁ,VESTIDO HELOISA,POÁ,PRODUTO_NAO_ENCONTRADO,
CASACO ALANA - JAZZ,CASACO ALANA,JAZZ,DISPONIVEL,JAZZ
SAIA SIMONE - PRETO,SAIA SIMONE,PRETO,PRODUTO_NAO_ENCONTRADO,
CALÇA AMY - JAZZ,CALÇA AMY,JAZZ,DISPONIVEL,JAZZ
SAIA LUDMILA - BLUES,SAIA LUDMILA,BLUES,DISPONIVEL,BLUES
CALÇA NAIKA - JAZZ,CALÇA NAIKA,JAZZ,DISPONIVEL,JAZZ
CAMISA ELIS - NUDE,CAMISA ELIS,NUDE,DISPONIVEL,NUDE
VESTIDO GAL - NUDE,VESTIDO GAL,NUDE,DISPONIVEL,NUDE
TOP ELANA - Preto,TOP ELANA,PRETO,PRODUTO_NAO_ENCONTRADO,
SHORT SAIA LISA -,SHORT SAIA LISA -,,PRODUTO_NAO_ENCONTRADO,
SHORT JANE - Preto,SHORT JANE,PRETO,PRODUTO_NAO_ENCONTRADO,
TOP MIRA - Preto,TOP MIRA,PRETO,PRODUTO_NAO_ENCONTRADO,
CALÇA ANDREA -,CALÇA ANDREA -,,PRODUTO_NAO_ENCONTRADO,
VESTIDO MARINA -,VESTIDO MARINA -,,PRODUTO_NAO_ENCONTRADO,
VESTIDO LIZIE - Preto,VESTIDO LIZIE,PRETO,PRODUTO_NAO_ENCONTRADO,
VESTIDO ADRIANE -,VESTIDO ADRIANE -,,PRODUTO_NAO_ENCONTRADO,
